[debug] [2025-07-10T09:44:54.018Z] ----------------------------------------------------------------------
[debug] [2025-07-10T09:44:54.022Z] Command:       /usr/local/bin/node /usr/local/bin/firebase deploy --only functions --debug
[debug] [2025-07-10T09:44:54.022Z] CLI Version:   13.25.0
[debug] [2025-07-10T09:44:54.022Z] Platform:      darwin
[debug] [2025-07-10T09:44:54.022Z] Node Version:  v24.2.0
[debug] [2025-07-10T09:44:54.023Z] Time:          Thu Jul 10 2025 19:44:54 GMT+1000 (Australian Eastern Standard Time)
[debug] [2025-07-10T09:44:54.023Z] ----------------------------------------------------------------------
[debug] 
[debug] [2025-07-10T09:44:54.085Z] > command requires scopes: ["email","openid","https://www.googleapis.com/auth/cloudplatformprojects.readonly","https://www.googleapis.com/auth/firebase","https://www.googleapis.com/auth/cloud-platform"]
[debug] [2025-07-10T09:44:54.086Z] > authorizing via signed-in user (ahvmckay@gmail.com)
[debug] [2025-07-10T09:44:54.086Z] [iam] checking project fir-realtime-sheets for permissions ["cloudfunctions.functions.create","cloudfunctions.functions.delete","cloudfunctions.functions.get","cloudfunctions.functions.list","cloudfunctions.functions.update","cloudfunctions.operations.get","firebase.projects.get"]
[debug] [2025-07-10T09:44:54.088Z] Checked if tokens are valid: true, expires at: 1752142546905
[debug] [2025-07-10T09:44:54.088Z] Checked if tokens are valid: true, expires at: 1752142546905
[debug] [2025-07-10T09:44:54.089Z] >>> [apiv2][query] POST https://cloudresourcemanager.googleapis.com/v1/projects/fir-realtime-sheets:testIamPermissions [none]
[debug] [2025-07-10T09:44:54.089Z] >>> [apiv2][(partial)header] POST https://cloudresourcemanager.googleapis.com/v1/projects/fir-realtime-sheets:testIamPermissions x-goog-quota-user=projects/fir-realtime-sheets
[debug] [2025-07-10T09:44:54.090Z] >>> [apiv2][body] POST https://cloudresourcemanager.googleapis.com/v1/projects/fir-realtime-sheets:testIamPermissions {"permissions":["cloudfunctions.functions.create","cloudfunctions.functions.delete","cloudfunctions.functions.get","cloudfunctions.functions.list","cloudfunctions.functions.update","cloudfunctions.operations.get","firebase.projects.get"]}
[debug] [2025-07-10T09:44:56.097Z] <<< [apiv2][status] POST https://cloudresourcemanager.googleapis.com/v1/projects/fir-realtime-sheets:testIamPermissions 200
[debug] [2025-07-10T09:44:56.098Z] <<< [apiv2][body] POST https://cloudresourcemanager.googleapis.com/v1/projects/fir-realtime-sheets:testIamPermissions {"permissions":["cloudfunctions.functions.create","cloudfunctions.functions.delete","cloudfunctions.functions.get","cloudfunctions.functions.list","cloudfunctions.functions.update","cloudfunctions.operations.get","firebase.projects.get"]}
[debug] [2025-07-10T09:44:56.098Z] Checked if tokens are valid: true, expires at: 1752142546905
[debug] [2025-07-10T09:44:56.098Z] Checked if tokens are valid: true, expires at: 1752142546905
[debug] [2025-07-10T09:44:56.099Z] >>> [apiv2][query] POST https://iam.googleapis.com/v1/projects/fir-realtime-sheets/serviceAccounts/fir-realtime-sheets@appspot.gserviceaccount.com:testIamPermissions [none]
[debug] [2025-07-10T09:44:56.099Z] >>> [apiv2][body] POST https://iam.googleapis.com/v1/projects/fir-realtime-sheets/serviceAccounts/fir-realtime-sheets@appspot.gserviceaccount.com:testIamPermissions {"permissions":["iam.serviceAccounts.actAs"]}
[debug] [2025-07-10T09:44:57.934Z] <<< [apiv2][status] POST https://iam.googleapis.com/v1/projects/fir-realtime-sheets/serviceAccounts/fir-realtime-sheets@appspot.gserviceaccount.com:testIamPermissions 200
[debug] [2025-07-10T09:44:57.934Z] <<< [apiv2][body] POST https://iam.googleapis.com/v1/projects/fir-realtime-sheets/serviceAccounts/fir-realtime-sheets@appspot.gserviceaccount.com:testIamPermissions {"permissions":["iam.serviceAccounts.actAs"]}
[info] 
[info] === Deploying to 'fir-realtime-sheets'...
[info] 
[info] i  deploying functions 
[info] Running command: npm --prefix "$RESOURCE_DIR" run lint
[info] ✔  functions: Finished running predeploy script. 
[debug] [2025-07-10T09:45:00.555Z] Checked if tokens are valid: true, expires at: 1752142546905
[debug] [2025-07-10T09:45:00.555Z] Checked if tokens are valid: true, expires at: 1752142546905
[debug] [2025-07-10T09:45:00.555Z] >>> [apiv2][query] GET https://firebase.googleapis.com/v1beta1/projects/fir-realtime-sheets [none]
[debug] [2025-07-10T09:45:01.231Z] <<< [apiv2][status] GET https://firebase.googleapis.com/v1beta1/projects/fir-realtime-sheets 200
[debug] [2025-07-10T09:45:01.232Z] <<< [apiv2][body] GET https://firebase.googleapis.com/v1beta1/projects/fir-realtime-sheets {"projectId":"fir-realtime-sheets","projectNumber":"349032453980","displayName":"Firebase-realtime-sheets","name":"projects/fir-realtime-sheets","resources":{"hostingSite":"fir-realtime-sheets","realtimeDatabaseInstance":"fir-realtime-sheets-default-rtdb"},"state":"ACTIVE","etag":"1_762e21e5-f056-4ff7-b387-dc707538de88"}
[info] i  functions: preparing codebase default for deployment 
[info] i  functions: ensuring required API cloudfunctions.googleapis.com is enabled... 
[debug] [2025-07-10T09:45:01.234Z] Checked if tokens are valid: true, expires at: 1752142546905
[debug] [2025-07-10T09:45:01.235Z] Checked if tokens are valid: true, expires at: 1752142546905
[debug] [2025-07-10T09:45:01.235Z] Checked if tokens are valid: true, expires at: 1752142546905
[debug] [2025-07-10T09:45:01.235Z] Checked if tokens are valid: true, expires at: 1752142546905
[info] i  functions: ensuring required API cloudbuild.googleapis.com is enabled... 
[debug] [2025-07-10T09:45:01.235Z] Checked if tokens are valid: true, expires at: 1752142546905
[debug] [2025-07-10T09:45:01.235Z] Checked if tokens are valid: true, expires at: 1752142546905
[info] i  artifactregistry: ensuring required API artifactregistry.googleapis.com is enabled... 
[debug] [2025-07-10T09:45:01.236Z] Checked if tokens are valid: true, expires at: 1752142546905
[debug] [2025-07-10T09:45:01.236Z] Checked if tokens are valid: true, expires at: 1752142546905
[debug] [2025-07-10T09:45:01.236Z] >>> [apiv2][query] GET https://serviceusage.googleapis.com/v1/projects/fir-realtime-sheets/services/cloudfunctions.googleapis.com [none]
[debug] [2025-07-10T09:45:01.236Z] >>> [apiv2][(partial)header] GET https://serviceusage.googleapis.com/v1/projects/fir-realtime-sheets/services/cloudfunctions.googleapis.com x-goog-quota-user=projects/fir-realtime-sheets
[debug] [2025-07-10T09:45:01.238Z] >>> [apiv2][query] GET https://serviceusage.googleapis.com/v1/projects/fir-realtime-sheets/services/runtimeconfig.googleapis.com [none]
[debug] [2025-07-10T09:45:01.238Z] >>> [apiv2][(partial)header] GET https://serviceusage.googleapis.com/v1/projects/fir-realtime-sheets/services/runtimeconfig.googleapis.com x-goog-quota-user=projects/fir-realtime-sheets
[debug] [2025-07-10T09:45:01.239Z] >>> [apiv2][query] GET https://serviceusage.googleapis.com/v1/projects/fir-realtime-sheets/services/cloudbuild.googleapis.com [none]
[debug] [2025-07-10T09:45:01.239Z] >>> [apiv2][(partial)header] GET https://serviceusage.googleapis.com/v1/projects/fir-realtime-sheets/services/cloudbuild.googleapis.com x-goog-quota-user=projects/fir-realtime-sheets
[debug] [2025-07-10T09:45:01.241Z] >>> [apiv2][query] GET https://serviceusage.googleapis.com/v1/projects/fir-realtime-sheets/services/artifactregistry.googleapis.com [none]
[debug] [2025-07-10T09:45:01.241Z] >>> [apiv2][(partial)header] GET https://serviceusage.googleapis.com/v1/projects/fir-realtime-sheets/services/artifactregistry.googleapis.com x-goog-quota-user=projects/fir-realtime-sheets
[debug] [2025-07-10T09:45:03.131Z] <<< [apiv2][status] GET https://serviceusage.googleapis.com/v1/projects/fir-realtime-sheets/services/cloudbuild.googleapis.com 200
[debug] [2025-07-10T09:45:03.131Z] <<< [apiv2][body] GET https://serviceusage.googleapis.com/v1/projects/fir-realtime-sheets/services/cloudbuild.googleapis.com [omitted]
[info] ✔  functions: required API cloudbuild.googleapis.com is enabled 
[debug] [2025-07-10T09:45:03.132Z] <<< [apiv2][status] GET https://serviceusage.googleapis.com/v1/projects/fir-realtime-sheets/services/cloudfunctions.googleapis.com 200
[debug] [2025-07-10T09:45:03.132Z] <<< [apiv2][body] GET https://serviceusage.googleapis.com/v1/projects/fir-realtime-sheets/services/cloudfunctions.googleapis.com [omitted]
[info] ✔  functions: required API cloudfunctions.googleapis.com is enabled 
[debug] [2025-07-10T09:45:03.133Z] <<< [apiv2][status] GET https://serviceusage.googleapis.com/v1/projects/fir-realtime-sheets/services/runtimeconfig.googleapis.com 200
[debug] [2025-07-10T09:45:03.133Z] <<< [apiv2][body] GET https://serviceusage.googleapis.com/v1/projects/fir-realtime-sheets/services/runtimeconfig.googleapis.com [omitted]
[debug] [2025-07-10T09:45:03.135Z] <<< [apiv2][status] GET https://serviceusage.googleapis.com/v1/projects/fir-realtime-sheets/services/artifactregistry.googleapis.com 200
[debug] [2025-07-10T09:45:03.136Z] <<< [apiv2][body] GET https://serviceusage.googleapis.com/v1/projects/fir-realtime-sheets/services/artifactregistry.googleapis.com [omitted]
[info] ✔  artifactregistry: required API artifactregistry.googleapis.com is enabled 
[debug] [2025-07-10T09:45:03.136Z] Checked if tokens are valid: true, expires at: 1752142546905
[debug] [2025-07-10T09:45:03.136Z] Checked if tokens are valid: true, expires at: 1752142546905
[debug] [2025-07-10T09:45:03.136Z] >>> [apiv2][query] GET https://firebase.googleapis.com/v1beta1/projects/fir-realtime-sheets/adminSdkConfig [none]
[debug] [2025-07-10T09:45:03.610Z] <<< [apiv2][status] GET https://firebase.googleapis.com/v1beta1/projects/fir-realtime-sheets/adminSdkConfig 200
[debug] [2025-07-10T09:45:03.610Z] <<< [apiv2][body] GET https://firebase.googleapis.com/v1beta1/projects/fir-realtime-sheets/adminSdkConfig {"projectId":"fir-realtime-sheets","databaseURL":"https://fir-realtime-sheets-default-rtdb.asia-southeast1.firebasedatabase.app","storageBucket":"fir-realtime-sheets.firebasestorage.app"}
[debug] [2025-07-10T09:45:03.611Z] Checked if tokens are valid: true, expires at: 1752142546905
[debug] [2025-07-10T09:45:03.612Z] Checked if tokens are valid: true, expires at: 1752142546905
[debug] [2025-07-10T09:45:03.612Z] >>> [apiv2][query] GET https://runtimeconfig.googleapis.com/v1beta1/projects/fir-realtime-sheets/configs [none]
[debug] [2025-07-10T09:45:04.241Z] <<< [apiv2][status] GET https://runtimeconfig.googleapis.com/v1beta1/projects/fir-realtime-sheets/configs 200
[debug] [2025-07-10T09:45:04.241Z] <<< [apiv2][body] GET https://runtimeconfig.googleapis.com/v1beta1/projects/fir-realtime-sheets/configs {}
[debug] [2025-07-10T09:45:04.243Z] Validating nodejs source
[warn] ⚠  functions: package.json indicates an outdated version of firebase-functions. Please upgrade using npm install --save firebase-functions@latest in your functions directory. 
[warn] ⚠  functions: Please note that there will be breaking changes when you upgrade. 
[debug] [2025-07-10T09:45:05.542Z] > [functions] package.json contents: {
  "name": "functions",
  "description": "Cloud Functions for Firebase",
  "scripts": {
    "lint": "eslint .",
    "serve": "firebase emulators:start --only functions",
    "shell": "firebase functions:shell",
    "start": "npm run shell",
    "deploy": "firebase deploy --only functions",
    "logs": "firebase functions:log",
    "nodemon": "nodemon"
  },
  "dependencies": {
    "firebase-admin": "^11.8.0",
    "firebase-functions": "^4.3.1",
    "googleapis": "^118.0.0",
    "ramda": "^0.27.0"
  },
  "devDependencies": {
    "eslint": "^8.40.0",
    "eslint-config-airbnb-base": "^15.0.0",
    "eslint-plugin-import": "^2.27.5",
    "eslint-plugin-promise": "^4.0.1",
    "firebase-functions-test": "^0.1.6",
    "nodemon": "^2.0.2"
  },
  "private": true
}
[debug] [2025-07-10T09:45:05.542Z] Building nodejs source
[info] i  functions: Loading and analyzing source code for codebase default to determine what to deploy 
[info] i  functions: You are using a version of firebase-functions SDK (4.3.1) that does not have support for the newest Firebase Extensions features. Please update firebase-functions SDK to >=5.1.0 to use them correctly 
[debug] [2025-07-10T09:45:05.543Z] Could not find functions.yaml. Must use http discovery
[debug] [2025-07-10T09:45:05.550Z] Found firebase-functions binary at '/Users/mac/Desktop/sync-firebase-with-google-sheets/functions/node_modules/.bin/firebase-functions'
[info] Serving at port 8972

[debug] [2025-07-10T09:45:08.124Z] Got response from /__/functions.yaml {"endpoints":{"firebaseToSheets":{"platform":"gcfv1","availableMemoryMb":null,"timeoutSeconds":null,"minInstances":null,"maxInstances":null,"ingressSettings":null,"serviceAccountEmail":null,"vpc":null,"eventTrigger":{"eventType":"providers/google.firebase.database/eventTypes/ref.update","eventFilters":{"resource":"projects/_/instances/fir-realtime-sheets-default-rtdb/refs/sheets/{sheet}/{rowId}/{cellId}"},"retry":false},"labels":{},"entryPoint":"firebaseToSheets"},"newFBUserToSheets":{"platform":"gcfv1","availableMemoryMb":null,"timeoutSeconds":null,"minInstances":null,"maxInstances":null,"ingressSettings":null,"serviceAccountEmail":null,"vpc":null,"eventTrigger":{"eventType":"providers/google.firebase.database/eventTypes/ref.create","eventFilters":{"resource":"projects/_/instances/fir-realtime-sheets-default-rtdb/refs/sheets/{sheet}/{uid}"},"retry":false},"labels":{},"entryPoint":"newFBUserToSheets"}},"specVersion":"v1alpha1","requiredAPIs":[]}
[info] shutdown requested via /__/quitquitquit

[info] i  functions: preparing functions directory for uploading... 
[info] i  functions: packaged /Users/mac/Desktop/sync-firebase-with-google-sheets/functions (114.7 KB) for uploading 
[debug] [2025-07-10T09:45:12.251Z] Checked if tokens are valid: true, expires at: 1752142546905
[debug] [2025-07-10T09:45:12.251Z] Checked if tokens are valid: true, expires at: 1752142546905
[debug] [2025-07-10T09:45:12.252Z] >>> [apiv2][query] GET https://cloudfunctions.googleapis.com/v1/projects/fir-realtime-sheets/locations/-/functions [none]
[debug] [2025-07-10T09:45:13.222Z] <<< [apiv2][status] GET https://cloudfunctions.googleapis.com/v1/projects/fir-realtime-sheets/locations/-/functions 200
[debug] [2025-07-10T09:45:13.223Z] <<< [apiv2][body] GET https://cloudfunctions.googleapis.com/v1/projects/fir-realtime-sheets/locations/-/functions {}
[debug] [2025-07-10T09:45:13.223Z] Checked if tokens are valid: true, expires at: 1752142546905
[debug] [2025-07-10T09:45:13.224Z] Checked if tokens are valid: true, expires at: 1752142546905
[debug] [2025-07-10T09:45:13.224Z] >>> [apiv2][query] GET https://cloudfunctions.googleapis.com/v2/projects/fir-realtime-sheets/locations/-/functions filter=environment%3D%22GEN_2%22
[debug] [2025-07-10T09:45:15.321Z] <<< [apiv2][status] GET https://cloudfunctions.googleapis.com/v2/projects/fir-realtime-sheets/locations/-/functions 200
[debug] [2025-07-10T09:45:15.321Z] <<< [apiv2][body] GET https://cloudfunctions.googleapis.com/v2/projects/fir-realtime-sheets/locations/-/functions {}
[debug] [2025-07-10T09:45:15.327Z] Checked if tokens are valid: true, expires at: 1752142546905
[debug] [2025-07-10T09:45:15.327Z] Checked if tokens are valid: true, expires at: 1752142546905
[debug] [2025-07-10T09:45:15.327Z] >>> [apiv2][query] GET https://firebase.googleapis.com/v1beta1/projects/fir-realtime-sheets [none]
[debug] [2025-07-10T09:45:16.344Z] <<< [apiv2][status] GET https://firebase.googleapis.com/v1beta1/projects/fir-realtime-sheets 200
[debug] [2025-07-10T09:45:16.344Z] <<< [apiv2][body] GET https://firebase.googleapis.com/v1beta1/projects/fir-realtime-sheets {"projectId":"fir-realtime-sheets","projectNumber":"349032453980","displayName":"Firebase-realtime-sheets","name":"projects/fir-realtime-sheets","resources":{"hostingSite":"fir-realtime-sheets","realtimeDatabaseInstance":"fir-realtime-sheets-default-rtdb"},"state":"ACTIVE","etag":"1_762e21e5-f056-4ff7-b387-dc707538de88"}
[debug] [2025-07-10T09:45:16.347Z] Checked if tokens are valid: true, expires at: 1752142546905
[debug] [2025-07-10T09:45:16.348Z] Checked if tokens are valid: true, expires at: 1752142546905
[debug] [2025-07-10T09:45:16.348Z] >>> [apiv2][query] POST https://cloudfunctions.googleapis.com/v1/projects/fir-realtime-sheets/locations/us-central1/functions:generateUploadUrl [none]
[debug] [2025-07-10T09:45:16.348Z] >>> [apiv2][body] POST https://cloudfunctions.googleapis.com/v1/projects/fir-realtime-sheets/locations/us-central1/functions:generateUploadUrl {}
[debug] [2025-07-10T09:45:17.680Z] <<< [apiv2][status] POST https://cloudfunctions.googleapis.com/v1/projects/fir-realtime-sheets/locations/us-central1/functions:generateUploadUrl 200
[debug] [2025-07-10T09:45:17.680Z] <<< [apiv2][body] POST https://cloudfunctions.googleapis.com/v1/projects/fir-realtime-sheets/locations/us-central1/functions:generateUploadUrl {"uploadUrl":"https://storage.googleapis.com/uploads-1042029411951.us-central1.cloudfunctions.appspot.com/b4ae1576-497b-4bea-bfbe-d1853d7a7c4c.zip?GoogleAccessId=service-349032453980@gcf-admin-robot.iam.gserviceaccount.com&Expires=1752142517&Signature=MqFJbL30EnzMIhQ9brq%2FKvL9EPTKGwDStGRwriqppzpE5Arm6LeBbscF59oUbOusCNW2ptYGbkqf4cXh1xp1gI7tkfk4BrhtRSxWClt0k42JI2gojSc9DxOyRULkCAY%2BocdDNDnfy5HS5irzmmFSVOOv9KUhFp6NYWFOqZrB5I97d99YfVprRxkyRLdd5minr%2BPBBd3ljHYhGa%2BhYe9iLfqRnoto6Rs6UoSvkWBpvUHoWputF7O9v8M8bL0rtwqQzzPrdgya1WUTnZ7HI%2BPZt%2FkGJ6RGFlIyUnGvwaZPP9q%2FfHOSk8qTnHZ0C6PFfiganfSw8H2bN13%2BJBzxMcEfQQ%3D%3D"}
[debug] [2025-07-10T09:45:17.682Z] >>> [apiv2][query] PUT https://storage.googleapis.com/uploads-1042029411951.us-central1.cloudfunctions.appspot.com/b4ae1576-497b-4bea-bfbe-d1853d7a7c4c.zip GoogleAccessId=service-349032453980%40gcf-admin-robot.iam.gserviceaccount.com&Expires=1752142517&Signature=MqFJbL30EnzMIhQ9brq%2FKvL9EPTKGwDStGRwriqppzpE5Arm6LeBbscF59oUbOusCNW2ptYGbkqf4cXh1xp1gI7tkfk4BrhtRSxWClt0k42JI2gojSc9DxOyRULkCAY%2BocdDNDnfy5HS5irzmmFSVOOv9KUhFp6NYWFOqZrB5I97d99YfVprRxkyRLdd5minr%2BPBBd3ljHYhGa%2BhYe9iLfqRnoto6Rs6UoSvkWBpvUHoWputF7O9v8M8bL0rtwqQzzPrdgya1WUTnZ7HI%2BPZt%2FkGJ6RGFlIyUnGvwaZPP9q%2FfHOSk8qTnHZ0C6PFfiganfSw8H2bN13%2BJBzxMcEfQQ%3D%3D
[debug] [2025-07-10T09:45:17.682Z] >>> [apiv2][body] PUT https://storage.googleapis.com/uploads-1042029411951.us-central1.cloudfunctions.appspot.com/b4ae1576-497b-4bea-bfbe-d1853d7a7c4c.zip [stream]
[debug] [2025-07-10T09:45:18.858Z] <<< [apiv2][status] PUT https://storage.googleapis.com/uploads-1042029411951.us-central1.cloudfunctions.appspot.com/b4ae1576-497b-4bea-bfbe-d1853d7a7c4c.zip 200
[debug] [2025-07-10T09:45:18.858Z] <<< [apiv2][body] PUT https://storage.googleapis.com/uploads-1042029411951.us-central1.cloudfunctions.appspot.com/b4ae1576-497b-4bea-bfbe-d1853d7a7c4c.zip [omitted]
[info] ✔  functions: functions folder uploaded successfully 
[info] i  functions: creating Node.js 20 (1st Gen) function firebaseToSheets(us-central1)... 
[info] i  functions: creating Node.js 20 (1st Gen) function newFBUserToSheets(us-central1)... 
[debug] [2025-07-10T09:45:18.865Z] Checked if tokens are valid: true, expires at: 1752142546905
[debug] [2025-07-10T09:45:18.866Z] Checked if tokens are valid: true, expires at: 1752142546905
[debug] [2025-07-10T09:45:18.866Z] >>> [apiv2][query] POST https://cloudfunctions.googleapis.com/v1/projects/fir-realtime-sheets/locations/us-central1/functions [none]
[debug] [2025-07-10T09:45:18.866Z] >>> [apiv2][body] POST https://cloudfunctions.googleapis.com/v1/projects/fir-realtime-sheets/locations/us-central1/functions {"name":"projects/fir-realtime-sheets/locations/us-central1/functions/firebaseToSheets","sourceUploadUrl":"https://storage.googleapis.com/uploads-1042029411951.us-central1.cloudfunctions.appspot.com/b4ae1576-497b-4bea-bfbe-d1853d7a7c4c.zip?GoogleAccessId=service-349032453980@gcf-admin-robot.iam.gserviceaccount.com&Expires=1752142517&Signature=MqFJbL30EnzMIhQ9brq%2FKvL9EPTKGwDStGRwriqppzpE5Arm6LeBbscF59oUbOusCNW2ptYGbkqf4cXh1xp1gI7tkfk4BrhtRSxWClt0k42JI2gojSc9DxOyRULkCAY%2BocdDNDnfy5HS5irzmmFSVOOv9KUhFp6NYWFOqZrB5I97d99YfVprRxkyRLdd5minr%2BPBBd3ljHYhGa%2BhYe9iLfqRnoto6Rs6UoSvkWBpvUHoWputF7O9v8M8bL0rtwqQzzPrdgya1WUTnZ7HI%2BPZt%2FkGJ6RGFlIyUnGvwaZPP9q%2FfHOSk8qTnHZ0C6PFfiganfSw8H2bN13%2BJBzxMcEfQQ%3D%3D","entryPoint":"firebaseToSheets","runtime":"nodejs20","dockerRegistry":"ARTIFACT_REGISTRY","labels":{"deployment-tool":"cli-firebase","firebase-functions-hash":"d164c00bcd21d622369294b72909f7dd3ed6c078"},"eventTrigger":{"eventType":"providers/google.firebase.database/eventTypes/ref.update","resource":"projects/_/instances/fir-realtime-sheets-default-rtdb/refs/sheets/{sheet}/{rowId}/{cellId}"},"minInstances":null,"maxInstances":null,"ingressSettings":null,"environmentVariables":{"FIREBASE_CONFIG":"{\"projectId\":\"fir-realtime-sheets\",\"databaseURL\":\"https://fir-realtime-sheets-default-rtdb.asia-southeast1.firebasedatabase.app\",\"storageBucket\":\"fir-realtime-sheets.firebasestorage.app\"}","GCLOUD_PROJECT":"fir-realtime-sheets","EVENTARC_CLOUD_EVENT_SOURCE":"projects/fir-realtime-sheets/locations/us-central1/functions/firebaseToSheets"},"serviceAccountEmail":null,"availableMemoryMb":null,"timeout":null,"vpcConnector":null,"vpcConnectorEgressSettings":null,"buildEnvironmentVariables":{"GOOGLE_NODE_RUN_SCRIPTS":""}}
[debug] [2025-07-10T09:45:20.791Z] <<< [apiv2][status] POST https://cloudfunctions.googleapis.com/v1/projects/fir-realtime-sheets/locations/us-central1/functions 200
[debug] [2025-07-10T09:45:20.792Z] <<< [apiv2][body] POST https://cloudfunctions.googleapis.com/v1/projects/fir-realtime-sheets/locations/us-central1/functions {"name":"operations/cHJvamVjdHMvZmlyLXJlYWx0aW1lLXNoZWV0cy9sb2NhdGlvbnMvdXMtY2VudHJhbDEvb3BlcmF0aW9ucy9vcGVyYXRpb24tMTc1MjE0MDcxOTMwNS02Mzk5MDBkMmJiM2VmLWQzZDY3M2IwLTZiOTU4MjNh","metadata":{"@type":"type.googleapis.com/google.cloud.functions.v1.OperationMetadataV1","target":"projects/fir-realtime-sheets/locations/us-central1/functions/firebaseToSheets","updateTime":"2025-07-10T09:45:20.751436560Z"}}
[debug] [2025-07-10T09:45:20.798Z] Checked if tokens are valid: true, expires at: 1752142546905
[debug] [2025-07-10T09:45:20.798Z] Checked if tokens are valid: true, expires at: 1752142546905
[debug] [2025-07-10T09:45:20.799Z] >>> [apiv2][query] GET https://cloudfunctions.googleapis.com/v1/operations/cHJvamVjdHMvZmlyLXJlYWx0aW1lLXNoZWV0cy9sb2NhdGlvbnMvdXMtY2VudHJhbDEvb3BlcmF0aW9ucy9vcGVyYXRpb24tMTc1MjE0MDcxOTMwNS02Mzk5MDBkMmJiM2VmLWQzZDY3M2IwLTZiOTU4MjNh [none]
[debug] [2025-07-10T09:45:21.362Z] <<< [apiv2][status] GET https://cloudfunctions.googleapis.com/v1/operations/cHJvamVjdHMvZmlyLXJlYWx0aW1lLXNoZWV0cy9sb2NhdGlvbnMvdXMtY2VudHJhbDEvb3BlcmF0aW9ucy9vcGVyYXRpb24tMTc1MjE0MDcxOTMwNS02Mzk5MDBkMmJiM2VmLWQzZDY3M2IwLTZiOTU4MjNh 200
[debug] [2025-07-10T09:45:21.363Z] <<< [apiv2][body] GET https://cloudfunctions.googleapis.com/v1/operations/cHJvamVjdHMvZmlyLXJlYWx0aW1lLXNoZWV0cy9sb2NhdGlvbnMvdXMtY2VudHJhbDEvb3BlcmF0aW9ucy9vcGVyYXRpb24tMTc1MjE0MDcxOTMwNS02Mzk5MDBkMmJiM2VmLWQzZDY3M2IwLTZiOTU4MjNh {"name":"operations/cHJvamVjdHMvZmlyLXJlYWx0aW1lLXNoZWV0cy9sb2NhdGlvbnMvdXMtY2VudHJhbDEvb3BlcmF0aW9ucy9vcGVyYXRpb24tMTc1MjE0MDcxOTMwNS02Mzk5MDBkMmJiM2VmLWQzZDY3M2IwLTZiOTU4MjNh","metadata":{"@type":"type.googleapis.com/google.cloud.functions.v1.OperationMetadataV1","target":"projects/fir-realtime-sheets/locations/us-central1/functions/firebaseToSheets","updateTime":"2025-07-10T09:45:20.751436560Z"}}
[debug] [2025-07-10T09:45:21.864Z] [create-default-us-central1-firebaseToSheets] Retrying task index 0
[debug] [2025-07-10T09:45:21.865Z] Checked if tokens are valid: true, expires at: 1752142546905
[debug] [2025-07-10T09:45:21.865Z] Checked if tokens are valid: true, expires at: 1752142546905
[debug] [2025-07-10T09:45:21.865Z] >>> [apiv2][query] GET https://cloudfunctions.googleapis.com/v1/operations/cHJvamVjdHMvZmlyLXJlYWx0aW1lLXNoZWV0cy9sb2NhdGlvbnMvdXMtY2VudHJhbDEvb3BlcmF0aW9ucy9vcGVyYXRpb24tMTc1MjE0MDcxOTMwNS02Mzk5MDBkMmJiM2VmLWQzZDY3M2IwLTZiOTU4MjNh [none]
[debug] [2025-07-10T09:45:22.329Z] <<< [apiv2][status] GET https://cloudfunctions.googleapis.com/v1/operations/cHJvamVjdHMvZmlyLXJlYWx0aW1lLXNoZWV0cy9sb2NhdGlvbnMvdXMtY2VudHJhbDEvb3BlcmF0aW9ucy9vcGVyYXRpb24tMTc1MjE0MDcxOTMwNS02Mzk5MDBkMmJiM2VmLWQzZDY3M2IwLTZiOTU4MjNh 200
[debug] [2025-07-10T09:45:22.329Z] <<< [apiv2][body] GET https://cloudfunctions.googleapis.com/v1/operations/cHJvamVjdHMvZmlyLXJlYWx0aW1lLXNoZWV0cy9sb2NhdGlvbnMvdXMtY2VudHJhbDEvb3BlcmF0aW9ucy9vcGVyYXRpb24tMTc1MjE0MDcxOTMwNS02Mzk5MDBkMmJiM2VmLWQzZDY3M2IwLTZiOTU4MjNh {"name":"operations/cHJvamVjdHMvZmlyLXJlYWx0aW1lLXNoZWV0cy9sb2NhdGlvbnMvdXMtY2VudHJhbDEvb3BlcmF0aW9ucy9vcGVyYXRpb24tMTc1MjE0MDcxOTMwNS02Mzk5MDBkMmJiM2VmLWQzZDY3M2IwLTZiOTU4MjNh","metadata":{"@type":"type.googleapis.com/google.cloud.functions.v1.OperationMetadataV1","target":"projects/fir-realtime-sheets/locations/us-central1/functions/firebaseToSheets","type":"CREATE_FUNCTION","request":{"@type":"type.googleapis.com/google.cloud.functions.v1.CloudFunction","name":"projects/fir-realtime-sheets/locations/us-central1/functions/firebaseToSheets","eventTrigger":{"eventType":"providers/google.firebase.database/eventTypes/ref.update","resource":"projects/_/instances/fir-realtime-sheets-default-rtdb/refs/sheets/{sheet}/{rowId}/{cellId}","failurePolicy":{}},"entryPoint":"firebaseToSheets","updateTime":"1970-01-01T00:00:00Z","labels":{"deployment-tool":"cli-firebase","firebase-functions-hash":"d164c00bcd21d622369294b72909f7dd3ed6c078"},"sourceUploadUrl":"https://storage.googleapis.com/uploads-1042029411951.us-central1.cloudfunctions.appspot.com/b4ae1576-497b-4bea-bfbe-d1853d7a7c4c.zip?GoogleAccessId=service-349032453980@gcf-admin-robot.iam.gserviceaccount.com&Expires=1752142517&Signature=MqFJbL30EnzMIhQ9brq%2FKvL9EPTKGwDStGRwriqppzpE5Arm6LeBbscF59oUbOusCNW2ptYGbkqf4cXh1xp1gI7tkfk4BrhtRSxWClt0k42JI2gojSc9DxOyRULkCAY%2BocdDNDnfy5HS5irzmmFSVOOv9KUhFp6NYWFOqZrB5I97d99YfVprRxkyRLdd5minr%2BPBBd3ljHYhGa%2BhYe9iLfqRnoto6Rs6UoSvkWBpvUHoWputF7O9v8M8bL0rtwqQzzPrdgya1WUTnZ7HI%2BPZt%2FkGJ6RGFlIyUnGvwaZPP9q%2FfHOSk8qTnHZ0C6PFfiganfSw8H2bN13%2BJBzxMcEfQQ%3D%3D","environmentVariables":{"FIREBASE_CONFIG":"{\"projectId\":\"fir-realtime-sheets\",\"databaseURL\":\"https://fir-realtime-sheets-default-rtdb.asia-southeast1.firebasedatabase.app\",\"storageBucket\":\"fir-realtime-sheets.firebasestorage.app\"}","GCLOUD_PROJECT":"fir-realtime-sheets","EVENTARC_CLOUD_EVENT_SOURCE":"projects/fir-realtime-sheets/locations/us-central1/functions/firebaseToSheets"},"runtime":"nodejs20","buildEnvironmentVariables":{"GOOGLE_NODE_RUN_SCRIPTS":""},"dockerRegistry":"ARTIFACT_REGISTRY"},"versionId":"1","updateTime":"2025-07-10T09:45:20.751436560Z"}}
[debug] [2025-07-10T09:45:23.331Z] [create-default-us-central1-firebaseToSheets] Retrying task index 0
[debug] [2025-07-10T09:45:23.331Z] Checked if tokens are valid: true, expires at: 1752142546905
[debug] [2025-07-10T09:45:23.332Z] Checked if tokens are valid: true, expires at: 1752142546905
[debug] [2025-07-10T09:45:23.332Z] >>> [apiv2][query] GET https://cloudfunctions.googleapis.com/v1/operations/cHJvamVjdHMvZmlyLXJlYWx0aW1lLXNoZWV0cy9sb2NhdGlvbnMvdXMtY2VudHJhbDEvb3BlcmF0aW9ucy9vcGVyYXRpb24tMTc1MjE0MDcxOTMwNS02Mzk5MDBkMmJiM2VmLWQzZDY3M2IwLTZiOTU4MjNh [none]
[debug] [2025-07-10T09:45:23.877Z] <<< [apiv2][status] GET https://cloudfunctions.googleapis.com/v1/operations/cHJvamVjdHMvZmlyLXJlYWx0aW1lLXNoZWV0cy9sb2NhdGlvbnMvdXMtY2VudHJhbDEvb3BlcmF0aW9ucy9vcGVyYXRpb24tMTc1MjE0MDcxOTMwNS02Mzk5MDBkMmJiM2VmLWQzZDY3M2IwLTZiOTU4MjNh 200
[debug] [2025-07-10T09:45:23.878Z] <<< [apiv2][body] GET https://cloudfunctions.googleapis.com/v1/operations/cHJvamVjdHMvZmlyLXJlYWx0aW1lLXNoZWV0cy9sb2NhdGlvbnMvdXMtY2VudHJhbDEvb3BlcmF0aW9ucy9vcGVyYXRpb24tMTc1MjE0MDcxOTMwNS02Mzk5MDBkMmJiM2VmLWQzZDY3M2IwLTZiOTU4MjNh {"name":"operations/cHJvamVjdHMvZmlyLXJlYWx0aW1lLXNoZWV0cy9sb2NhdGlvbnMvdXMtY2VudHJhbDEvb3BlcmF0aW9ucy9vcGVyYXRpb24tMTc1MjE0MDcxOTMwNS02Mzk5MDBkMmJiM2VmLWQzZDY3M2IwLTZiOTU4MjNh","metadata":{"@type":"type.googleapis.com/google.cloud.functions.v1.OperationMetadataV1","target":"projects/fir-realtime-sheets/locations/us-central1/functions/firebaseToSheets","type":"CREATE_FUNCTION","request":{"@type":"type.googleapis.com/google.cloud.functions.v1.CloudFunction","name":"projects/fir-realtime-sheets/locations/us-central1/functions/firebaseToSheets","eventTrigger":{"eventType":"providers/google.firebase.database/eventTypes/ref.update","resource":"projects/_/instances/fir-realtime-sheets-default-rtdb/refs/sheets/{sheet}/{rowId}/{cellId}","failurePolicy":{}},"entryPoint":"firebaseToSheets","updateTime":"1970-01-01T00:00:00Z","labels":{"deployment-tool":"cli-firebase","firebase-functions-hash":"d164c00bcd21d622369294b72909f7dd3ed6c078"},"sourceUploadUrl":"https://storage.googleapis.com/uploads-1042029411951.us-central1.cloudfunctions.appspot.com/b4ae1576-497b-4bea-bfbe-d1853d7a7c4c.zip?GoogleAccessId=service-349032453980@gcf-admin-robot.iam.gserviceaccount.com&Expires=1752142517&Signature=MqFJbL30EnzMIhQ9brq%2FKvL9EPTKGwDStGRwriqppzpE5Arm6LeBbscF59oUbOusCNW2ptYGbkqf4cXh1xp1gI7tkfk4BrhtRSxWClt0k42JI2gojSc9DxOyRULkCAY%2BocdDNDnfy5HS5irzmmFSVOOv9KUhFp6NYWFOqZrB5I97d99YfVprRxkyRLdd5minr%2BPBBd3ljHYhGa%2BhYe9iLfqRnoto6Rs6UoSvkWBpvUHoWputF7O9v8M8bL0rtwqQzzPrdgya1WUTnZ7HI%2BPZt%2FkGJ6RGFlIyUnGvwaZPP9q%2FfHOSk8qTnHZ0C6PFfiganfSw8H2bN13%2BJBzxMcEfQQ%3D%3D","environmentVariables":{"FIREBASE_CONFIG":"{\"projectId\":\"fir-realtime-sheets\",\"databaseURL\":\"https://fir-realtime-sheets-default-rtdb.asia-southeast1.firebasedatabase.app\",\"storageBucket\":\"fir-realtime-sheets.firebasestorage.app\"}","GCLOUD_PROJECT":"fir-realtime-sheets","EVENTARC_CLOUD_EVENT_SOURCE":"projects/fir-realtime-sheets/locations/us-central1/functions/firebaseToSheets"},"runtime":"nodejs20","buildEnvironmentVariables":{"GOOGLE_NODE_RUN_SCRIPTS":""},"dockerRegistry":"ARTIFACT_REGISTRY"},"versionId":"1","updateTime":"2025-07-10T09:45:20.751436560Z"}}
[debug] [2025-07-10T09:45:25.879Z] [create-default-us-central1-firebaseToSheets] Retrying task index 0
[debug] [2025-07-10T09:45:25.880Z] Checked if tokens are valid: true, expires at: 1752142546905
[debug] [2025-07-10T09:45:25.881Z] Checked if tokens are valid: true, expires at: 1752142546905
[debug] [2025-07-10T09:45:25.881Z] >>> [apiv2][query] GET https://cloudfunctions.googleapis.com/v1/operations/cHJvamVjdHMvZmlyLXJlYWx0aW1lLXNoZWV0cy9sb2NhdGlvbnMvdXMtY2VudHJhbDEvb3BlcmF0aW9ucy9vcGVyYXRpb24tMTc1MjE0MDcxOTMwNS02Mzk5MDBkMmJiM2VmLWQzZDY3M2IwLTZiOTU4MjNh [none]
[debug] [2025-07-10T09:45:26.392Z] <<< [apiv2][status] GET https://cloudfunctions.googleapis.com/v1/operations/cHJvamVjdHMvZmlyLXJlYWx0aW1lLXNoZWV0cy9sb2NhdGlvbnMvdXMtY2VudHJhbDEvb3BlcmF0aW9ucy9vcGVyYXRpb24tMTc1MjE0MDcxOTMwNS02Mzk5MDBkMmJiM2VmLWQzZDY3M2IwLTZiOTU4MjNh 200
[debug] [2025-07-10T09:45:26.393Z] <<< [apiv2][body] GET https://cloudfunctions.googleapis.com/v1/operations/cHJvamVjdHMvZmlyLXJlYWx0aW1lLXNoZWV0cy9sb2NhdGlvbnMvdXMtY2VudHJhbDEvb3BlcmF0aW9ucy9vcGVyYXRpb24tMTc1MjE0MDcxOTMwNS02Mzk5MDBkMmJiM2VmLWQzZDY3M2IwLTZiOTU4MjNh {"name":"operations/cHJvamVjdHMvZmlyLXJlYWx0aW1lLXNoZWV0cy9sb2NhdGlvbnMvdXMtY2VudHJhbDEvb3BlcmF0aW9ucy9vcGVyYXRpb24tMTc1MjE0MDcxOTMwNS02Mzk5MDBkMmJiM2VmLWQzZDY3M2IwLTZiOTU4MjNh","metadata":{"@type":"type.googleapis.com/google.cloud.functions.v1.OperationMetadataV1","target":"projects/fir-realtime-sheets/locations/us-central1/functions/firebaseToSheets","type":"CREATE_FUNCTION","request":{"@type":"type.googleapis.com/google.cloud.functions.v1.CloudFunction","name":"projects/fir-realtime-sheets/locations/us-central1/functions/firebaseToSheets","eventTrigger":{"eventType":"providers/google.firebase.database/eventTypes/ref.update","resource":"projects/_/instances/fir-realtime-sheets-default-rtdb/refs/sheets/{sheet}/{rowId}/{cellId}","failurePolicy":{}},"entryPoint":"firebaseToSheets","updateTime":"1970-01-01T00:00:00Z","labels":{"deployment-tool":"cli-firebase","firebase-functions-hash":"d164c00bcd21d622369294b72909f7dd3ed6c078"},"sourceUploadUrl":"https://storage.googleapis.com/uploads-1042029411951.us-central1.cloudfunctions.appspot.com/b4ae1576-497b-4bea-bfbe-d1853d7a7c4c.zip?GoogleAccessId=service-349032453980@gcf-admin-robot.iam.gserviceaccount.com&Expires=1752142517&Signature=MqFJbL30EnzMIhQ9brq%2FKvL9EPTKGwDStGRwriqppzpE5Arm6LeBbscF59oUbOusCNW2ptYGbkqf4cXh1xp1gI7tkfk4BrhtRSxWClt0k42JI2gojSc9DxOyRULkCAY%2BocdDNDnfy5HS5irzmmFSVOOv9KUhFp6NYWFOqZrB5I97d99YfVprRxkyRLdd5minr%2BPBBd3ljHYhGa%2BhYe9iLfqRnoto6Rs6UoSvkWBpvUHoWputF7O9v8M8bL0rtwqQzzPrdgya1WUTnZ7HI%2BPZt%2FkGJ6RGFlIyUnGvwaZPP9q%2FfHOSk8qTnHZ0C6PFfiganfSw8H2bN13%2BJBzxMcEfQQ%3D%3D","environmentVariables":{"FIREBASE_CONFIG":"{\"projectId\":\"fir-realtime-sheets\",\"databaseURL\":\"https://fir-realtime-sheets-default-rtdb.asia-southeast1.firebasedatabase.app\",\"storageBucket\":\"fir-realtime-sheets.firebasestorage.app\"}","GCLOUD_PROJECT":"fir-realtime-sheets","EVENTARC_CLOUD_EVENT_SOURCE":"projects/fir-realtime-sheets/locations/us-central1/functions/firebaseToSheets"},"runtime":"nodejs20","buildEnvironmentVariables":{"GOOGLE_NODE_RUN_SCRIPTS":""},"dockerRegistry":"ARTIFACT_REGISTRY"},"versionId":"1","updateTime":"2025-07-10T09:45:20.751436560Z"}}
[debug] [2025-07-10T09:45:30.394Z] [create-default-us-central1-firebaseToSheets] Retrying task index 0
[debug] [2025-07-10T09:45:30.395Z] Checked if tokens are valid: true, expires at: 1752142546905
[debug] [2025-07-10T09:45:30.395Z] Checked if tokens are valid: true, expires at: 1752142546905
[debug] [2025-07-10T09:45:30.396Z] >>> [apiv2][query] GET https://cloudfunctions.googleapis.com/v1/operations/cHJvamVjdHMvZmlyLXJlYWx0aW1lLXNoZWV0cy9sb2NhdGlvbnMvdXMtY2VudHJhbDEvb3BlcmF0aW9ucy9vcGVyYXRpb24tMTc1MjE0MDcxOTMwNS02Mzk5MDBkMmJiM2VmLWQzZDY3M2IwLTZiOTU4MjNh [none]
[debug] [2025-07-10T09:45:30.853Z] <<< [apiv2][status] GET https://cloudfunctions.googleapis.com/v1/operations/cHJvamVjdHMvZmlyLXJlYWx0aW1lLXNoZWV0cy9sb2NhdGlvbnMvdXMtY2VudHJhbDEvb3BlcmF0aW9ucy9vcGVyYXRpb24tMTc1MjE0MDcxOTMwNS02Mzk5MDBkMmJiM2VmLWQzZDY3M2IwLTZiOTU4MjNh 200
[debug] [2025-07-10T09:45:30.853Z] <<< [apiv2][body] GET https://cloudfunctions.googleapis.com/v1/operations/cHJvamVjdHMvZmlyLXJlYWx0aW1lLXNoZWV0cy9sb2NhdGlvbnMvdXMtY2VudHJhbDEvb3BlcmF0aW9ucy9vcGVyYXRpb24tMTc1MjE0MDcxOTMwNS02Mzk5MDBkMmJiM2VmLWQzZDY3M2IwLTZiOTU4MjNh {"name":"operations/cHJvamVjdHMvZmlyLXJlYWx0aW1lLXNoZWV0cy9sb2NhdGlvbnMvdXMtY2VudHJhbDEvb3BlcmF0aW9ucy9vcGVyYXRpb24tMTc1MjE0MDcxOTMwNS02Mzk5MDBkMmJiM2VmLWQzZDY3M2IwLTZiOTU4MjNh","metadata":{"@type":"type.googleapis.com/google.cloud.functions.v1.OperationMetadataV1","target":"projects/fir-realtime-sheets/locations/us-central1/functions/firebaseToSheets","type":"CREATE_FUNCTION","request":{"@type":"type.googleapis.com/google.cloud.functions.v1.CloudFunction","name":"projects/fir-realtime-sheets/locations/us-central1/functions/firebaseToSheets","eventTrigger":{"eventType":"providers/google.firebase.database/eventTypes/ref.update","resource":"projects/_/instances/fir-realtime-sheets-default-rtdb/refs/sheets/{sheet}/{rowId}/{cellId}","failurePolicy":{}},"entryPoint":"firebaseToSheets","updateTime":"1970-01-01T00:00:00Z","labels":{"deployment-tool":"cli-firebase","firebase-functions-hash":"d164c00bcd21d622369294b72909f7dd3ed6c078"},"sourceUploadUrl":"https://storage.googleapis.com/uploads-1042029411951.us-central1.cloudfunctions.appspot.com/b4ae1576-497b-4bea-bfbe-d1853d7a7c4c.zip?GoogleAccessId=service-349032453980@gcf-admin-robot.iam.gserviceaccount.com&Expires=1752142517&Signature=MqFJbL30EnzMIhQ9brq%2FKvL9EPTKGwDStGRwriqppzpE5Arm6LeBbscF59oUbOusCNW2ptYGbkqf4cXh1xp1gI7tkfk4BrhtRSxWClt0k42JI2gojSc9DxOyRULkCAY%2BocdDNDnfy5HS5irzmmFSVOOv9KUhFp6NYWFOqZrB5I97d99YfVprRxkyRLdd5minr%2BPBBd3ljHYhGa%2BhYe9iLfqRnoto6Rs6UoSvkWBpvUHoWputF7O9v8M8bL0rtwqQzzPrdgya1WUTnZ7HI%2BPZt%2FkGJ6RGFlIyUnGvwaZPP9q%2FfHOSk8qTnHZ0C6PFfiganfSw8H2bN13%2BJBzxMcEfQQ%3D%3D","environmentVariables":{"FIREBASE_CONFIG":"{\"projectId\":\"fir-realtime-sheets\",\"databaseURL\":\"https://fir-realtime-sheets-default-rtdb.asia-southeast1.firebasedatabase.app\",\"storageBucket\":\"fir-realtime-sheets.firebasestorage.app\"}","GCLOUD_PROJECT":"fir-realtime-sheets","EVENTARC_CLOUD_EVENT_SOURCE":"projects/fir-realtime-sheets/locations/us-central1/functions/firebaseToSheets"},"runtime":"nodejs20","buildEnvironmentVariables":{"GOOGLE_NODE_RUN_SCRIPTS":""},"dockerRegistry":"ARTIFACT_REGISTRY"},"versionId":"1","updateTime":"2025-07-10T09:45:20.751436560Z"}}
[debug] [2025-07-10T09:45:38.855Z] [create-default-us-central1-firebaseToSheets] Retrying task index 0
[debug] [2025-07-10T09:45:38.855Z] Checked if tokens are valid: true, expires at: 1752142546905
[debug] [2025-07-10T09:45:38.855Z] Checked if tokens are valid: true, expires at: 1752142546905
[debug] [2025-07-10T09:45:38.856Z] >>> [apiv2][query] GET https://cloudfunctions.googleapis.com/v1/operations/cHJvamVjdHMvZmlyLXJlYWx0aW1lLXNoZWV0cy9sb2NhdGlvbnMvdXMtY2VudHJhbDEvb3BlcmF0aW9ucy9vcGVyYXRpb24tMTc1MjE0MDcxOTMwNS02Mzk5MDBkMmJiM2VmLWQzZDY3M2IwLTZiOTU4MjNh [none]
[debug] [2025-07-10T09:45:39.987Z] <<< [apiv2][status] GET https://cloudfunctions.googleapis.com/v1/operations/cHJvamVjdHMvZmlyLXJlYWx0aW1lLXNoZWV0cy9sb2NhdGlvbnMvdXMtY2VudHJhbDEvb3BlcmF0aW9ucy9vcGVyYXRpb24tMTc1MjE0MDcxOTMwNS02Mzk5MDBkMmJiM2VmLWQzZDY3M2IwLTZiOTU4MjNh 200
[debug] [2025-07-10T09:45:39.987Z] <<< [apiv2][body] GET https://cloudfunctions.googleapis.com/v1/operations/cHJvamVjdHMvZmlyLXJlYWx0aW1lLXNoZWV0cy9sb2NhdGlvbnMvdXMtY2VudHJhbDEvb3BlcmF0aW9ucy9vcGVyYXRpb24tMTc1MjE0MDcxOTMwNS02Mzk5MDBkMmJiM2VmLWQzZDY3M2IwLTZiOTU4MjNh {"name":"operations/cHJvamVjdHMvZmlyLXJlYWx0aW1lLXNoZWV0cy9sb2NhdGlvbnMvdXMtY2VudHJhbDEvb3BlcmF0aW9ucy9vcGVyYXRpb24tMTc1MjE0MDcxOTMwNS02Mzk5MDBkMmJiM2VmLWQzZDY3M2IwLTZiOTU4MjNh","metadata":{"@type":"type.googleapis.com/google.cloud.functions.v1.OperationMetadataV1","target":"projects/fir-realtime-sheets/locations/us-central1/functions/firebaseToSheets","type":"CREATE_FUNCTION","request":{"@type":"type.googleapis.com/google.cloud.functions.v1.CloudFunction","name":"projects/fir-realtime-sheets/locations/us-central1/functions/firebaseToSheets","eventTrigger":{"eventType":"providers/google.firebase.database/eventTypes/ref.update","resource":"projects/_/instances/fir-realtime-sheets-default-rtdb/refs/sheets/{sheet}/{rowId}/{cellId}","failurePolicy":{}},"entryPoint":"firebaseToSheets","updateTime":"1970-01-01T00:00:00Z","labels":{"deployment-tool":"cli-firebase","firebase-functions-hash":"d164c00bcd21d622369294b72909f7dd3ed6c078"},"sourceUploadUrl":"https://storage.googleapis.com/uploads-1042029411951.us-central1.cloudfunctions.appspot.com/b4ae1576-497b-4bea-bfbe-d1853d7a7c4c.zip?GoogleAccessId=service-349032453980@gcf-admin-robot.iam.gserviceaccount.com&Expires=1752142517&Signature=MqFJbL30EnzMIhQ9brq%2FKvL9EPTKGwDStGRwriqppzpE5Arm6LeBbscF59oUbOusCNW2ptYGbkqf4cXh1xp1gI7tkfk4BrhtRSxWClt0k42JI2gojSc9DxOyRULkCAY%2BocdDNDnfy5HS5irzmmFSVOOv9KUhFp6NYWFOqZrB5I97d99YfVprRxkyRLdd5minr%2BPBBd3ljHYhGa%2BhYe9iLfqRnoto6Rs6UoSvkWBpvUHoWputF7O9v8M8bL0rtwqQzzPrdgya1WUTnZ7HI%2BPZt%2FkGJ6RGFlIyUnGvwaZPP9q%2FfHOSk8qTnHZ0C6PFfiganfSw8H2bN13%2BJBzxMcEfQQ%3D%3D","environmentVariables":{"FIREBASE_CONFIG":"{\"projectId\":\"fir-realtime-sheets\",\"databaseURL\":\"https://fir-realtime-sheets-default-rtdb.asia-southeast1.firebasedatabase.app\",\"storageBucket\":\"fir-realtime-sheets.firebasestorage.app\"}","GCLOUD_PROJECT":"fir-realtime-sheets","EVENTARC_CLOUD_EVENT_SOURCE":"projects/fir-realtime-sheets/locations/us-central1/functions/firebaseToSheets"},"runtime":"nodejs20","buildEnvironmentVariables":{"GOOGLE_NODE_RUN_SCRIPTS":""},"dockerRegistry":"ARTIFACT_REGISTRY"},"versionId":"1","updateTime":"2025-07-10T09:45:20.751436560Z","buildId":"790c2f8b-f850-409f-bec0-9219af9602df","buildName":"projects/349032453980/locations/us-central1/builds/790c2f8b-f850-409f-bec0-9219af9602df"}}
[debug] [2025-07-10T09:45:49.989Z] [create-default-us-central1-firebaseToSheets] Retrying task index 0
[debug] [2025-07-10T09:45:49.990Z] Checked if tokens are valid: true, expires at: 1752142546905
[debug] [2025-07-10T09:45:49.990Z] Checked if tokens are valid: true, expires at: 1752142546905
[debug] [2025-07-10T09:45:49.990Z] >>> [apiv2][query] GET https://cloudfunctions.googleapis.com/v1/operations/cHJvamVjdHMvZmlyLXJlYWx0aW1lLXNoZWV0cy9sb2NhdGlvbnMvdXMtY2VudHJhbDEvb3BlcmF0aW9ucy9vcGVyYXRpb24tMTc1MjE0MDcxOTMwNS02Mzk5MDBkMmJiM2VmLWQzZDY3M2IwLTZiOTU4MjNh [none]
[debug] [2025-07-10T09:45:50.646Z] <<< [apiv2][status] GET https://cloudfunctions.googleapis.com/v1/operations/cHJvamVjdHMvZmlyLXJlYWx0aW1lLXNoZWV0cy9sb2NhdGlvbnMvdXMtY2VudHJhbDEvb3BlcmF0aW9ucy9vcGVyYXRpb24tMTc1MjE0MDcxOTMwNS02Mzk5MDBkMmJiM2VmLWQzZDY3M2IwLTZiOTU4MjNh 200
[debug] [2025-07-10T09:45:50.647Z] <<< [apiv2][body] GET https://cloudfunctions.googleapis.com/v1/operations/cHJvamVjdHMvZmlyLXJlYWx0aW1lLXNoZWV0cy9sb2NhdGlvbnMvdXMtY2VudHJhbDEvb3BlcmF0aW9ucy9vcGVyYXRpb24tMTc1MjE0MDcxOTMwNS02Mzk5MDBkMmJiM2VmLWQzZDY3M2IwLTZiOTU4MjNh {"name":"operations/cHJvamVjdHMvZmlyLXJlYWx0aW1lLXNoZWV0cy9sb2NhdGlvbnMvdXMtY2VudHJhbDEvb3BlcmF0aW9ucy9vcGVyYXRpb24tMTc1MjE0MDcxOTMwNS02Mzk5MDBkMmJiM2VmLWQzZDY3M2IwLTZiOTU4MjNh","metadata":{"@type":"type.googleapis.com/google.cloud.functions.v1.OperationMetadataV1","target":"projects/fir-realtime-sheets/locations/us-central1/functions/firebaseToSheets","type":"CREATE_FUNCTION","request":{"@type":"type.googleapis.com/google.cloud.functions.v1.CloudFunction","name":"projects/fir-realtime-sheets/locations/us-central1/functions/firebaseToSheets","eventTrigger":{"eventType":"providers/google.firebase.database/eventTypes/ref.update","resource":"projects/_/instances/fir-realtime-sheets-default-rtdb/refs/sheets/{sheet}/{rowId}/{cellId}","failurePolicy":{}},"entryPoint":"firebaseToSheets","updateTime":"1970-01-01T00:00:00Z","labels":{"deployment-tool":"cli-firebase","firebase-functions-hash":"d164c00bcd21d622369294b72909f7dd3ed6c078"},"sourceUploadUrl":"https://storage.googleapis.com/uploads-1042029411951.us-central1.cloudfunctions.appspot.com/b4ae1576-497b-4bea-bfbe-d1853d7a7c4c.zip?GoogleAccessId=service-349032453980@gcf-admin-robot.iam.gserviceaccount.com&Expires=1752142517&Signature=MqFJbL30EnzMIhQ9brq%2FKvL9EPTKGwDStGRwriqppzpE5Arm6LeBbscF59oUbOusCNW2ptYGbkqf4cXh1xp1gI7tkfk4BrhtRSxWClt0k42JI2gojSc9DxOyRULkCAY%2BocdDNDnfy5HS5irzmmFSVOOv9KUhFp6NYWFOqZrB5I97d99YfVprRxkyRLdd5minr%2BPBBd3ljHYhGa%2BhYe9iLfqRnoto6Rs6UoSvkWBpvUHoWputF7O9v8M8bL0rtwqQzzPrdgya1WUTnZ7HI%2BPZt%2FkGJ6RGFlIyUnGvwaZPP9q%2FfHOSk8qTnHZ0C6PFfiganfSw8H2bN13%2BJBzxMcEfQQ%3D%3D","environmentVariables":{"FIREBASE_CONFIG":"{\"projectId\":\"fir-realtime-sheets\",\"databaseURL\":\"https://fir-realtime-sheets-default-rtdb.asia-southeast1.firebasedatabase.app\",\"storageBucket\":\"fir-realtime-sheets.firebasestorage.app\"}","GCLOUD_PROJECT":"fir-realtime-sheets","EVENTARC_CLOUD_EVENT_SOURCE":"projects/fir-realtime-sheets/locations/us-central1/functions/firebaseToSheets"},"runtime":"nodejs20","buildEnvironmentVariables":{"GOOGLE_NODE_RUN_SCRIPTS":""},"dockerRegistry":"ARTIFACT_REGISTRY"},"versionId":"1","updateTime":"2025-07-10T09:45:20.751436560Z","buildId":"790c2f8b-f850-409f-bec0-9219af9602df","buildName":"projects/349032453980/locations/us-central1/builds/790c2f8b-f850-409f-bec0-9219af9602df"}}
[debug] [2025-07-10T09:46:00.648Z] [create-default-us-central1-firebaseToSheets] Retrying task index 0
[debug] [2025-07-10T09:46:00.649Z] Checked if tokens are valid: true, expires at: 1752142546905
[debug] [2025-07-10T09:46:00.649Z] Checked if tokens are valid: true, expires at: 1752142546905
[debug] [2025-07-10T09:46:00.650Z] >>> [apiv2][query] GET https://cloudfunctions.googleapis.com/v1/operations/cHJvamVjdHMvZmlyLXJlYWx0aW1lLXNoZWV0cy9sb2NhdGlvbnMvdXMtY2VudHJhbDEvb3BlcmF0aW9ucy9vcGVyYXRpb24tMTc1MjE0MDcxOTMwNS02Mzk5MDBkMmJiM2VmLWQzZDY3M2IwLTZiOTU4MjNh [none]
[debug] [2025-07-10T09:46:01.782Z] <<< [apiv2][status] GET https://cloudfunctions.googleapis.com/v1/operations/cHJvamVjdHMvZmlyLXJlYWx0aW1lLXNoZWV0cy9sb2NhdGlvbnMvdXMtY2VudHJhbDEvb3BlcmF0aW9ucy9vcGVyYXRpb24tMTc1MjE0MDcxOTMwNS02Mzk5MDBkMmJiM2VmLWQzZDY3M2IwLTZiOTU4MjNh 200
[debug] [2025-07-10T09:46:01.782Z] <<< [apiv2][body] GET https://cloudfunctions.googleapis.com/v1/operations/cHJvamVjdHMvZmlyLXJlYWx0aW1lLXNoZWV0cy9sb2NhdGlvbnMvdXMtY2VudHJhbDEvb3BlcmF0aW9ucy9vcGVyYXRpb24tMTc1MjE0MDcxOTMwNS02Mzk5MDBkMmJiM2VmLWQzZDY3M2IwLTZiOTU4MjNh {"name":"operations/cHJvamVjdHMvZmlyLXJlYWx0aW1lLXNoZWV0cy9sb2NhdGlvbnMvdXMtY2VudHJhbDEvb3BlcmF0aW9ucy9vcGVyYXRpb24tMTc1MjE0MDcxOTMwNS02Mzk5MDBkMmJiM2VmLWQzZDY3M2IwLTZiOTU4MjNh","metadata":{"@type":"type.googleapis.com/google.cloud.functions.v1.OperationMetadataV1","target":"projects/fir-realtime-sheets/locations/us-central1/functions/firebaseToSheets","type":"CREATE_FUNCTION","request":{"@type":"type.googleapis.com/google.cloud.functions.v1.CloudFunction","name":"projects/fir-realtime-sheets/locations/us-central1/functions/firebaseToSheets","eventTrigger":{"eventType":"providers/google.firebase.database/eventTypes/ref.update","resource":"projects/_/instances/fir-realtime-sheets-default-rtdb/refs/sheets/{sheet}/{rowId}/{cellId}","failurePolicy":{}},"entryPoint":"firebaseToSheets","updateTime":"1970-01-01T00:00:00Z","labels":{"deployment-tool":"cli-firebase","firebase-functions-hash":"d164c00bcd21d622369294b72909f7dd3ed6c078"},"sourceUploadUrl":"https://storage.googleapis.com/uploads-1042029411951.us-central1.cloudfunctions.appspot.com/b4ae1576-497b-4bea-bfbe-d1853d7a7c4c.zip?GoogleAccessId=service-349032453980@gcf-admin-robot.iam.gserviceaccount.com&Expires=1752142517&Signature=MqFJbL30EnzMIhQ9brq%2FKvL9EPTKGwDStGRwriqppzpE5Arm6LeBbscF59oUbOusCNW2ptYGbkqf4cXh1xp1gI7tkfk4BrhtRSxWClt0k42JI2gojSc9DxOyRULkCAY%2BocdDNDnfy5HS5irzmmFSVOOv9KUhFp6NYWFOqZrB5I97d99YfVprRxkyRLdd5minr%2BPBBd3ljHYhGa%2BhYe9iLfqRnoto6Rs6UoSvkWBpvUHoWputF7O9v8M8bL0rtwqQzzPrdgya1WUTnZ7HI%2BPZt%2FkGJ6RGFlIyUnGvwaZPP9q%2FfHOSk8qTnHZ0C6PFfiganfSw8H2bN13%2BJBzxMcEfQQ%3D%3D","environmentVariables":{"FIREBASE_CONFIG":"{\"projectId\":\"fir-realtime-sheets\",\"databaseURL\":\"https://fir-realtime-sheets-default-rtdb.asia-southeast1.firebasedatabase.app\",\"storageBucket\":\"fir-realtime-sheets.firebasestorage.app\"}","GCLOUD_PROJECT":"fir-realtime-sheets","EVENTARC_CLOUD_EVENT_SOURCE":"projects/fir-realtime-sheets/locations/us-central1/functions/firebaseToSheets"},"runtime":"nodejs20","buildEnvironmentVariables":{"GOOGLE_NODE_RUN_SCRIPTS":""},"dockerRegistry":"ARTIFACT_REGISTRY"},"versionId":"1","updateTime":"2025-07-10T09:45:20.751436560Z","buildId":"790c2f8b-f850-409f-bec0-9219af9602df","buildName":"projects/349032453980/locations/us-central1/builds/790c2f8b-f850-409f-bec0-9219af9602df"}}
[debug] [2025-07-10T09:46:11.784Z] [create-default-us-central1-firebaseToSheets] Retrying task index 0
[debug] [2025-07-10T09:46:11.785Z] Checked if tokens are valid: true, expires at: 1752142546905
[debug] [2025-07-10T09:46:11.786Z] Checked if tokens are valid: true, expires at: 1752142546905
[debug] [2025-07-10T09:46:11.786Z] >>> [apiv2][query] GET https://cloudfunctions.googleapis.com/v1/operations/cHJvamVjdHMvZmlyLXJlYWx0aW1lLXNoZWV0cy9sb2NhdGlvbnMvdXMtY2VudHJhbDEvb3BlcmF0aW9ucy9vcGVyYXRpb24tMTc1MjE0MDcxOTMwNS02Mzk5MDBkMmJiM2VmLWQzZDY3M2IwLTZiOTU4MjNh [none]
[debug] [2025-07-10T09:46:12.600Z] <<< [apiv2][status] GET https://cloudfunctions.googleapis.com/v1/operations/cHJvamVjdHMvZmlyLXJlYWx0aW1lLXNoZWV0cy9sb2NhdGlvbnMvdXMtY2VudHJhbDEvb3BlcmF0aW9ucy9vcGVyYXRpb24tMTc1MjE0MDcxOTMwNS02Mzk5MDBkMmJiM2VmLWQzZDY3M2IwLTZiOTU4MjNh 200
[debug] [2025-07-10T09:46:12.600Z] <<< [apiv2][body] GET https://cloudfunctions.googleapis.com/v1/operations/cHJvamVjdHMvZmlyLXJlYWx0aW1lLXNoZWV0cy9sb2NhdGlvbnMvdXMtY2VudHJhbDEvb3BlcmF0aW9ucy9vcGVyYXRpb24tMTc1MjE0MDcxOTMwNS02Mzk5MDBkMmJiM2VmLWQzZDY3M2IwLTZiOTU4MjNh {"name":"operations/cHJvamVjdHMvZmlyLXJlYWx0aW1lLXNoZWV0cy9sb2NhdGlvbnMvdXMtY2VudHJhbDEvb3BlcmF0aW9ucy9vcGVyYXRpb24tMTc1MjE0MDcxOTMwNS02Mzk5MDBkMmJiM2VmLWQzZDY3M2IwLTZiOTU4MjNh","metadata":{"@type":"type.googleapis.com/google.cloud.functions.v1.OperationMetadataV1","target":"projects/fir-realtime-sheets/locations/us-central1/functions/firebaseToSheets","type":"CREATE_FUNCTION","request":{"@type":"type.googleapis.com/google.cloud.functions.v1.CloudFunction","name":"projects/fir-realtime-sheets/locations/us-central1/functions/firebaseToSheets","eventTrigger":{"eventType":"providers/google.firebase.database/eventTypes/ref.update","resource":"projects/_/instances/fir-realtime-sheets-default-rtdb/refs/sheets/{sheet}/{rowId}/{cellId}","failurePolicy":{}},"entryPoint":"firebaseToSheets","updateTime":"1970-01-01T00:00:00Z","labels":{"deployment-tool":"cli-firebase","firebase-functions-hash":"d164c00bcd21d622369294b72909f7dd3ed6c078"},"sourceUploadUrl":"https://storage.googleapis.com/uploads-1042029411951.us-central1.cloudfunctions.appspot.com/b4ae1576-497b-4bea-bfbe-d1853d7a7c4c.zip?GoogleAccessId=service-349032453980@gcf-admin-robot.iam.gserviceaccount.com&Expires=1752142517&Signature=MqFJbL30EnzMIhQ9brq%2FKvL9EPTKGwDStGRwriqppzpE5Arm6LeBbscF59oUbOusCNW2ptYGbkqf4cXh1xp1gI7tkfk4BrhtRSxWClt0k42JI2gojSc9DxOyRULkCAY%2BocdDNDnfy5HS5irzmmFSVOOv9KUhFp6NYWFOqZrB5I97d99YfVprRxkyRLdd5minr%2BPBBd3ljHYhGa%2BhYe9iLfqRnoto6Rs6UoSvkWBpvUHoWputF7O9v8M8bL0rtwqQzzPrdgya1WUTnZ7HI%2BPZt%2FkGJ6RGFlIyUnGvwaZPP9q%2FfHOSk8qTnHZ0C6PFfiganfSw8H2bN13%2BJBzxMcEfQQ%3D%3D","environmentVariables":{"FIREBASE_CONFIG":"{\"projectId\":\"fir-realtime-sheets\",\"databaseURL\":\"https://fir-realtime-sheets-default-rtdb.asia-southeast1.firebasedatabase.app\",\"storageBucket\":\"fir-realtime-sheets.firebasestorage.app\"}","GCLOUD_PROJECT":"fir-realtime-sheets","EVENTARC_CLOUD_EVENT_SOURCE":"projects/fir-realtime-sheets/locations/us-central1/functions/firebaseToSheets"},"runtime":"nodejs20","buildEnvironmentVariables":{"GOOGLE_NODE_RUN_SCRIPTS":""},"dockerRegistry":"ARTIFACT_REGISTRY"},"versionId":"1","updateTime":"2025-07-10T09:45:20.751436560Z","buildId":"790c2f8b-f850-409f-bec0-9219af9602df","buildName":"projects/349032453980/locations/us-central1/builds/790c2f8b-f850-409f-bec0-9219af9602df"}}
[debug] [2025-07-10T09:46:22.602Z] [create-default-us-central1-firebaseToSheets] Retrying task index 0
[debug] [2025-07-10T09:46:22.603Z] Checked if tokens are valid: true, expires at: 1752142546905
[debug] [2025-07-10T09:46:22.603Z] Checked if tokens are valid: true, expires at: 1752142546905
[debug] [2025-07-10T09:46:22.603Z] >>> [apiv2][query] GET https://cloudfunctions.googleapis.com/v1/operations/cHJvamVjdHMvZmlyLXJlYWx0aW1lLXNoZWV0cy9sb2NhdGlvbnMvdXMtY2VudHJhbDEvb3BlcmF0aW9ucy9vcGVyYXRpb24tMTc1MjE0MDcxOTMwNS02Mzk5MDBkMmJiM2VmLWQzZDY3M2IwLTZiOTU4MjNh [none]
[debug] [2025-07-10T09:46:23.780Z] <<< [apiv2][status] GET https://cloudfunctions.googleapis.com/v1/operations/cHJvamVjdHMvZmlyLXJlYWx0aW1lLXNoZWV0cy9sb2NhdGlvbnMvdXMtY2VudHJhbDEvb3BlcmF0aW9ucy9vcGVyYXRpb24tMTc1MjE0MDcxOTMwNS02Mzk5MDBkMmJiM2VmLWQzZDY3M2IwLTZiOTU4MjNh 200
[debug] [2025-07-10T09:46:23.781Z] <<< [apiv2][body] GET https://cloudfunctions.googleapis.com/v1/operations/cHJvamVjdHMvZmlyLXJlYWx0aW1lLXNoZWV0cy9sb2NhdGlvbnMvdXMtY2VudHJhbDEvb3BlcmF0aW9ucy9vcGVyYXRpb24tMTc1MjE0MDcxOTMwNS02Mzk5MDBkMmJiM2VmLWQzZDY3M2IwLTZiOTU4MjNh {"name":"operations/cHJvamVjdHMvZmlyLXJlYWx0aW1lLXNoZWV0cy9sb2NhdGlvbnMvdXMtY2VudHJhbDEvb3BlcmF0aW9ucy9vcGVyYXRpb24tMTc1MjE0MDcxOTMwNS02Mzk5MDBkMmJiM2VmLWQzZDY3M2IwLTZiOTU4MjNh","metadata":{"@type":"type.googleapis.com/google.cloud.functions.v1.OperationMetadataV1","target":"projects/fir-realtime-sheets/locations/us-central1/functions/firebaseToSheets","type":"CREATE_FUNCTION","request":{"@type":"type.googleapis.com/google.cloud.functions.v1.CloudFunction","name":"projects/fir-realtime-sheets/locations/us-central1/functions/firebaseToSheets","eventTrigger":{"eventType":"providers/google.firebase.database/eventTypes/ref.update","resource":"projects/_/instances/fir-realtime-sheets-default-rtdb/refs/sheets/{sheet}/{rowId}/{cellId}","failurePolicy":{}},"entryPoint":"firebaseToSheets","updateTime":"1970-01-01T00:00:00Z","labels":{"deployment-tool":"cli-firebase","firebase-functions-hash":"d164c00bcd21d622369294b72909f7dd3ed6c078"},"sourceUploadUrl":"https://storage.googleapis.com/uploads-1042029411951.us-central1.cloudfunctions.appspot.com/b4ae1576-497b-4bea-bfbe-d1853d7a7c4c.zip?GoogleAccessId=service-349032453980@gcf-admin-robot.iam.gserviceaccount.com&Expires=1752142517&Signature=MqFJbL30EnzMIhQ9brq%2FKvL9EPTKGwDStGRwriqppzpE5Arm6LeBbscF59oUbOusCNW2ptYGbkqf4cXh1xp1gI7tkfk4BrhtRSxWClt0k42JI2gojSc9DxOyRULkCAY%2BocdDNDnfy5HS5irzmmFSVOOv9KUhFp6NYWFOqZrB5I97d99YfVprRxkyRLdd5minr%2BPBBd3ljHYhGa%2BhYe9iLfqRnoto6Rs6UoSvkWBpvUHoWputF7O9v8M8bL0rtwqQzzPrdgya1WUTnZ7HI%2BPZt%2FkGJ6RGFlIyUnGvwaZPP9q%2FfHOSk8qTnHZ0C6PFfiganfSw8H2bN13%2BJBzxMcEfQQ%3D%3D","environmentVariables":{"FIREBASE_CONFIG":"{\"projectId\":\"fir-realtime-sheets\",\"databaseURL\":\"https://fir-realtime-sheets-default-rtdb.asia-southeast1.firebasedatabase.app\",\"storageBucket\":\"fir-realtime-sheets.firebasestorage.app\"}","GCLOUD_PROJECT":"fir-realtime-sheets","EVENTARC_CLOUD_EVENT_SOURCE":"projects/fir-realtime-sheets/locations/us-central1/functions/firebaseToSheets"},"runtime":"nodejs20","buildEnvironmentVariables":{"GOOGLE_NODE_RUN_SCRIPTS":""},"dockerRegistry":"ARTIFACT_REGISTRY"},"versionId":"1","updateTime":"2025-07-10T09:45:20.751436560Z","buildId":"790c2f8b-f850-409f-bec0-9219af9602df","buildName":"projects/349032453980/locations/us-central1/builds/790c2f8b-f850-409f-bec0-9219af9602df"}}
[debug] [2025-07-10T09:46:33.781Z] [create-default-us-central1-firebaseToSheets] Retrying task index 0
[debug] [2025-07-10T09:46:33.782Z] Checked if tokens are valid: true, expires at: 1752142546905
[debug] [2025-07-10T09:46:33.782Z] Checked if tokens are valid: true, expires at: 1752142546905
[debug] [2025-07-10T09:46:33.782Z] >>> [apiv2][query] GET https://cloudfunctions.googleapis.com/v1/operations/cHJvamVjdHMvZmlyLXJlYWx0aW1lLXNoZWV0cy9sb2NhdGlvbnMvdXMtY2VudHJhbDEvb3BlcmF0aW9ucy9vcGVyYXRpb24tMTc1MjE0MDcxOTMwNS02Mzk5MDBkMmJiM2VmLWQzZDY3M2IwLTZiOTU4MjNh [none]
[debug] [2025-07-10T09:46:34.941Z] <<< [apiv2][status] GET https://cloudfunctions.googleapis.com/v1/operations/cHJvamVjdHMvZmlyLXJlYWx0aW1lLXNoZWV0cy9sb2NhdGlvbnMvdXMtY2VudHJhbDEvb3BlcmF0aW9ucy9vcGVyYXRpb24tMTc1MjE0MDcxOTMwNS02Mzk5MDBkMmJiM2VmLWQzZDY3M2IwLTZiOTU4MjNh 200
[debug] [2025-07-10T09:46:34.941Z] <<< [apiv2][body] GET https://cloudfunctions.googleapis.com/v1/operations/cHJvamVjdHMvZmlyLXJlYWx0aW1lLXNoZWV0cy9sb2NhdGlvbnMvdXMtY2VudHJhbDEvb3BlcmF0aW9ucy9vcGVyYXRpb24tMTc1MjE0MDcxOTMwNS02Mzk5MDBkMmJiM2VmLWQzZDY3M2IwLTZiOTU4MjNh {"name":"operations/cHJvamVjdHMvZmlyLXJlYWx0aW1lLXNoZWV0cy9sb2NhdGlvbnMvdXMtY2VudHJhbDEvb3BlcmF0aW9ucy9vcGVyYXRpb24tMTc1MjE0MDcxOTMwNS02Mzk5MDBkMmJiM2VmLWQzZDY3M2IwLTZiOTU4MjNh","metadata":{"@type":"type.googleapis.com/google.cloud.functions.v1.OperationMetadataV1","target":"projects/fir-realtime-sheets/locations/us-central1/functions/firebaseToSheets","type":"CREATE_FUNCTION","request":{"@type":"type.googleapis.com/google.cloud.functions.v1.CloudFunction","name":"projects/fir-realtime-sheets/locations/us-central1/functions/firebaseToSheets","eventTrigger":{"eventType":"providers/google.firebase.database/eventTypes/ref.update","resource":"projects/_/instances/fir-realtime-sheets-default-rtdb/refs/sheets/{sheet}/{rowId}/{cellId}","failurePolicy":{}},"entryPoint":"firebaseToSheets","updateTime":"1970-01-01T00:00:00Z","labels":{"deployment-tool":"cli-firebase","firebase-functions-hash":"d164c00bcd21d622369294b72909f7dd3ed6c078"},"sourceUploadUrl":"https://storage.googleapis.com/uploads-1042029411951.us-central1.cloudfunctions.appspot.com/b4ae1576-497b-4bea-bfbe-d1853d7a7c4c.zip?GoogleAccessId=service-349032453980@gcf-admin-robot.iam.gserviceaccount.com&Expires=1752142517&Signature=MqFJbL30EnzMIhQ9brq%2FKvL9EPTKGwDStGRwriqppzpE5Arm6LeBbscF59oUbOusCNW2ptYGbkqf4cXh1xp1gI7tkfk4BrhtRSxWClt0k42JI2gojSc9DxOyRULkCAY%2BocdDNDnfy5HS5irzmmFSVOOv9KUhFp6NYWFOqZrB5I97d99YfVprRxkyRLdd5minr%2BPBBd3ljHYhGa%2BhYe9iLfqRnoto6Rs6UoSvkWBpvUHoWputF7O9v8M8bL0rtwqQzzPrdgya1WUTnZ7HI%2BPZt%2FkGJ6RGFlIyUnGvwaZPP9q%2FfHOSk8qTnHZ0C6PFfiganfSw8H2bN13%2BJBzxMcEfQQ%3D%3D","environmentVariables":{"FIREBASE_CONFIG":"{\"projectId\":\"fir-realtime-sheets\",\"databaseURL\":\"https://fir-realtime-sheets-default-rtdb.asia-southeast1.firebasedatabase.app\",\"storageBucket\":\"fir-realtime-sheets.firebasestorage.app\"}","GCLOUD_PROJECT":"fir-realtime-sheets","EVENTARC_CLOUD_EVENT_SOURCE":"projects/fir-realtime-sheets/locations/us-central1/functions/firebaseToSheets"},"runtime":"nodejs20","buildEnvironmentVariables":{"GOOGLE_NODE_RUN_SCRIPTS":""},"dockerRegistry":"ARTIFACT_REGISTRY"},"versionId":"1","updateTime":"2025-07-10T09:45:20.751436560Z","buildId":"790c2f8b-f850-409f-bec0-9219af9602df","buildName":"projects/349032453980/locations/us-central1/builds/790c2f8b-f850-409f-bec0-9219af9602df"}}
[debug] [2025-07-10T09:46:44.943Z] [create-default-us-central1-firebaseToSheets] Retrying task index 0
[debug] [2025-07-10T09:46:44.944Z] Checked if tokens are valid: true, expires at: 1752142546905
[debug] [2025-07-10T09:46:44.945Z] Checked if tokens are valid: true, expires at: 1752142546905
[debug] [2025-07-10T09:46:44.945Z] >>> [apiv2][query] GET https://cloudfunctions.googleapis.com/v1/operations/cHJvamVjdHMvZmlyLXJlYWx0aW1lLXNoZWV0cy9sb2NhdGlvbnMvdXMtY2VudHJhbDEvb3BlcmF0aW9ucy9vcGVyYXRpb24tMTc1MjE0MDcxOTMwNS02Mzk5MDBkMmJiM2VmLWQzZDY3M2IwLTZiOTU4MjNh [none]
[debug] [2025-07-10T09:46:46.109Z] <<< [apiv2][status] GET https://cloudfunctions.googleapis.com/v1/operations/cHJvamVjdHMvZmlyLXJlYWx0aW1lLXNoZWV0cy9sb2NhdGlvbnMvdXMtY2VudHJhbDEvb3BlcmF0aW9ucy9vcGVyYXRpb24tMTc1MjE0MDcxOTMwNS02Mzk5MDBkMmJiM2VmLWQzZDY3M2IwLTZiOTU4MjNh 200
[debug] [2025-07-10T09:46:46.110Z] <<< [apiv2][body] GET https://cloudfunctions.googleapis.com/v1/operations/cHJvamVjdHMvZmlyLXJlYWx0aW1lLXNoZWV0cy9sb2NhdGlvbnMvdXMtY2VudHJhbDEvb3BlcmF0aW9ucy9vcGVyYXRpb24tMTc1MjE0MDcxOTMwNS02Mzk5MDBkMmJiM2VmLWQzZDY3M2IwLTZiOTU4MjNh {"name":"operations/cHJvamVjdHMvZmlyLXJlYWx0aW1lLXNoZWV0cy9sb2NhdGlvbnMvdXMtY2VudHJhbDEvb3BlcmF0aW9ucy9vcGVyYXRpb24tMTc1MjE0MDcxOTMwNS02Mzk5MDBkMmJiM2VmLWQzZDY3M2IwLTZiOTU4MjNh","metadata":{"@type":"type.googleapis.com/google.cloud.functions.v1.OperationMetadataV1","target":"projects/fir-realtime-sheets/locations/us-central1/functions/firebaseToSheets","type":"CREATE_FUNCTION","request":{"@type":"type.googleapis.com/google.cloud.functions.v1.CloudFunction","name":"projects/fir-realtime-sheets/locations/us-central1/functions/firebaseToSheets","eventTrigger":{"eventType":"providers/google.firebase.database/eventTypes/ref.update","resource":"projects/_/instances/fir-realtime-sheets-default-rtdb/refs/sheets/{sheet}/{rowId}/{cellId}","failurePolicy":{}},"entryPoint":"firebaseToSheets","updateTime":"1970-01-01T00:00:00Z","labels":{"deployment-tool":"cli-firebase","firebase-functions-hash":"d164c00bcd21d622369294b72909f7dd3ed6c078"},"sourceUploadUrl":"https://storage.googleapis.com/uploads-1042029411951.us-central1.cloudfunctions.appspot.com/b4ae1576-497b-4bea-bfbe-d1853d7a7c4c.zip?GoogleAccessId=service-349032453980@gcf-admin-robot.iam.gserviceaccount.com&Expires=1752142517&Signature=MqFJbL30EnzMIhQ9brq%2FKvL9EPTKGwDStGRwriqppzpE5Arm6LeBbscF59oUbOusCNW2ptYGbkqf4cXh1xp1gI7tkfk4BrhtRSxWClt0k42JI2gojSc9DxOyRULkCAY%2BocdDNDnfy5HS5irzmmFSVOOv9KUhFp6NYWFOqZrB5I97d99YfVprRxkyRLdd5minr%2BPBBd3ljHYhGa%2BhYe9iLfqRnoto6Rs6UoSvkWBpvUHoWputF7O9v8M8bL0rtwqQzzPrdgya1WUTnZ7HI%2BPZt%2FkGJ6RGFlIyUnGvwaZPP9q%2FfHOSk8qTnHZ0C6PFfiganfSw8H2bN13%2BJBzxMcEfQQ%3D%3D","environmentVariables":{"FIREBASE_CONFIG":"{\"projectId\":\"fir-realtime-sheets\",\"databaseURL\":\"https://fir-realtime-sheets-default-rtdb.asia-southeast1.firebasedatabase.app\",\"storageBucket\":\"fir-realtime-sheets.firebasestorage.app\"}","GCLOUD_PROJECT":"fir-realtime-sheets","EVENTARC_CLOUD_EVENT_SOURCE":"projects/fir-realtime-sheets/locations/us-central1/functions/firebaseToSheets"},"runtime":"nodejs20","buildEnvironmentVariables":{"GOOGLE_NODE_RUN_SCRIPTS":""},"dockerRegistry":"ARTIFACT_REGISTRY"},"versionId":"1","updateTime":"2025-07-10T09:45:20.751436560Z","buildId":"790c2f8b-f850-409f-bec0-9219af9602df","buildName":"projects/349032453980/locations/us-central1/builds/790c2f8b-f850-409f-bec0-9219af9602df"}}
[debug] [2025-07-10T09:46:56.112Z] [create-default-us-central1-firebaseToSheets] Retrying task index 0
[debug] [2025-07-10T09:46:56.112Z] Checked if tokens are valid: true, expires at: 1752142546905
[debug] [2025-07-10T09:46:56.113Z] Checked if tokens are valid: true, expires at: 1752142546905
[debug] [2025-07-10T09:46:56.113Z] >>> [apiv2][query] GET https://cloudfunctions.googleapis.com/v1/operations/cHJvamVjdHMvZmlyLXJlYWx0aW1lLXNoZWV0cy9sb2NhdGlvbnMvdXMtY2VudHJhbDEvb3BlcmF0aW9ucy9vcGVyYXRpb24tMTc1MjE0MDcxOTMwNS02Mzk5MDBkMmJiM2VmLWQzZDY3M2IwLTZiOTU4MjNh [none]
[debug] [2025-07-10T09:46:57.994Z] <<< [apiv2][status] GET https://cloudfunctions.googleapis.com/v1/operations/cHJvamVjdHMvZmlyLXJlYWx0aW1lLXNoZWV0cy9sb2NhdGlvbnMvdXMtY2VudHJhbDEvb3BlcmF0aW9ucy9vcGVyYXRpb24tMTc1MjE0MDcxOTMwNS02Mzk5MDBkMmJiM2VmLWQzZDY3M2IwLTZiOTU4MjNh 200
[debug] [2025-07-10T09:46:57.995Z] <<< [apiv2][body] GET https://cloudfunctions.googleapis.com/v1/operations/cHJvamVjdHMvZmlyLXJlYWx0aW1lLXNoZWV0cy9sb2NhdGlvbnMvdXMtY2VudHJhbDEvb3BlcmF0aW9ucy9vcGVyYXRpb24tMTc1MjE0MDcxOTMwNS02Mzk5MDBkMmJiM2VmLWQzZDY3M2IwLTZiOTU4MjNh {"name":"operations/cHJvamVjdHMvZmlyLXJlYWx0aW1lLXNoZWV0cy9sb2NhdGlvbnMvdXMtY2VudHJhbDEvb3BlcmF0aW9ucy9vcGVyYXRpb24tMTc1MjE0MDcxOTMwNS02Mzk5MDBkMmJiM2VmLWQzZDY3M2IwLTZiOTU4MjNh","metadata":{"@type":"type.googleapis.com/google.cloud.functions.v1.OperationMetadataV1","target":"projects/fir-realtime-sheets/locations/us-central1/functions/firebaseToSheets","type":"CREATE_FUNCTION","request":{"@type":"type.googleapis.com/google.cloud.functions.v1.CloudFunction","name":"projects/fir-realtime-sheets/locations/us-central1/functions/firebaseToSheets","eventTrigger":{"eventType":"providers/google.firebase.database/eventTypes/ref.update","resource":"projects/_/instances/fir-realtime-sheets-default-rtdb/refs/sheets/{sheet}/{rowId}/{cellId}","failurePolicy":{}},"entryPoint":"firebaseToSheets","updateTime":"1970-01-01T00:00:00Z","labels":{"deployment-tool":"cli-firebase","firebase-functions-hash":"d164c00bcd21d622369294b72909f7dd3ed6c078"},"sourceUploadUrl":"https://storage.googleapis.com/uploads-1042029411951.us-central1.cloudfunctions.appspot.com/b4ae1576-497b-4bea-bfbe-d1853d7a7c4c.zip?GoogleAccessId=service-349032453980@gcf-admin-robot.iam.gserviceaccount.com&Expires=1752142517&Signature=MqFJbL30EnzMIhQ9brq%2FKvL9EPTKGwDStGRwriqppzpE5Arm6LeBbscF59oUbOusCNW2ptYGbkqf4cXh1xp1gI7tkfk4BrhtRSxWClt0k42JI2gojSc9DxOyRULkCAY%2BocdDNDnfy5HS5irzmmFSVOOv9KUhFp6NYWFOqZrB5I97d99YfVprRxkyRLdd5minr%2BPBBd3ljHYhGa%2BhYe9iLfqRnoto6Rs6UoSvkWBpvUHoWputF7O9v8M8bL0rtwqQzzPrdgya1WUTnZ7HI%2BPZt%2FkGJ6RGFlIyUnGvwaZPP9q%2FfHOSk8qTnHZ0C6PFfiganfSw8H2bN13%2BJBzxMcEfQQ%3D%3D","environmentVariables":{"FIREBASE_CONFIG":"{\"projectId\":\"fir-realtime-sheets\",\"databaseURL\":\"https://fir-realtime-sheets-default-rtdb.asia-southeast1.firebasedatabase.app\",\"storageBucket\":\"fir-realtime-sheets.firebasestorage.app\"}","GCLOUD_PROJECT":"fir-realtime-sheets","EVENTARC_CLOUD_EVENT_SOURCE":"projects/fir-realtime-sheets/locations/us-central1/functions/firebaseToSheets"},"runtime":"nodejs20","buildEnvironmentVariables":{"GOOGLE_NODE_RUN_SCRIPTS":""},"dockerRegistry":"ARTIFACT_REGISTRY"},"versionId":"1","updateTime":"2025-07-10T09:45:20.751436560Z","buildId":"790c2f8b-f850-409f-bec0-9219af9602df","sourceToken":"8b5a52f9-1b46-4b9c-87eb-10d4e083e907","buildName":"projects/349032453980/locations/us-central1/builds/790c2f8b-f850-409f-bec0-9219af9602df"}}
[debug] [2025-07-10T09:46:57.995Z] Got source token 8b5a52f9-1b46-4b9c-87eb-10d4e083e907 for region us-central1
[debug] [2025-07-10T09:46:57.996Z] Checked if tokens are valid: true, expires at: 1752142546905
[debug] [2025-07-10T09:46:57.996Z] Checked if tokens are valid: true, expires at: 1752142546905
[debug] [2025-07-10T09:46:57.996Z] >>> [apiv2][query] POST https://cloudfunctions.googleapis.com/v1/projects/fir-realtime-sheets/locations/us-central1/functions [none]
[debug] [2025-07-10T09:46:57.996Z] >>> [apiv2][body] POST https://cloudfunctions.googleapis.com/v1/projects/fir-realtime-sheets/locations/us-central1/functions {"name":"projects/fir-realtime-sheets/locations/us-central1/functions/newFBUserToSheets","sourceUploadUrl":"https://storage.googleapis.com/uploads-1042029411951.us-central1.cloudfunctions.appspot.com/b4ae1576-497b-4bea-bfbe-d1853d7a7c4c.zip?GoogleAccessId=service-349032453980@gcf-admin-robot.iam.gserviceaccount.com&Expires=1752142517&Signature=MqFJbL30EnzMIhQ9brq%2FKvL9EPTKGwDStGRwriqppzpE5Arm6LeBbscF59oUbOusCNW2ptYGbkqf4cXh1xp1gI7tkfk4BrhtRSxWClt0k42JI2gojSc9DxOyRULkCAY%2BocdDNDnfy5HS5irzmmFSVOOv9KUhFp6NYWFOqZrB5I97d99YfVprRxkyRLdd5minr%2BPBBd3ljHYhGa%2BhYe9iLfqRnoto6Rs6UoSvkWBpvUHoWputF7O9v8M8bL0rtwqQzzPrdgya1WUTnZ7HI%2BPZt%2FkGJ6RGFlIyUnGvwaZPP9q%2FfHOSk8qTnHZ0C6PFfiganfSw8H2bN13%2BJBzxMcEfQQ%3D%3D","entryPoint":"newFBUserToSheets","runtime":"nodejs20","dockerRegistry":"ARTIFACT_REGISTRY","labels":{"deployment-tool":"cli-firebase","firebase-functions-hash":"d164c00bcd21d622369294b72909f7dd3ed6c078"},"eventTrigger":{"eventType":"providers/google.firebase.database/eventTypes/ref.create","resource":"projects/_/instances/fir-realtime-sheets-default-rtdb/refs/sheets/{sheet}/{uid}"},"minInstances":null,"maxInstances":null,"ingressSettings":null,"environmentVariables":{"FIREBASE_CONFIG":"{\"projectId\":\"fir-realtime-sheets\",\"databaseURL\":\"https://fir-realtime-sheets-default-rtdb.asia-southeast1.firebasedatabase.app\",\"storageBucket\":\"fir-realtime-sheets.firebasestorage.app\"}","GCLOUD_PROJECT":"fir-realtime-sheets","EVENTARC_CLOUD_EVENT_SOURCE":"projects/fir-realtime-sheets/locations/us-central1/functions/newFBUserToSheets"},"serviceAccountEmail":null,"availableMemoryMb":null,"timeout":null,"vpcConnector":null,"vpcConnectorEgressSettings":null,"sourceToken":"8b5a52f9-1b46-4b9c-87eb-10d4e083e907","buildEnvironmentVariables":{"GOOGLE_NODE_RUN_SCRIPTS":""}}
[debug] [2025-07-10T09:46:58.939Z] <<< [apiv2][status] POST https://cloudfunctions.googleapis.com/v1/projects/fir-realtime-sheets/locations/us-central1/functions 200
[debug] [2025-07-10T09:46:58.939Z] <<< [apiv2][body] POST https://cloudfunctions.googleapis.com/v1/projects/fir-realtime-sheets/locations/us-central1/functions {"name":"operations/cHJvamVjdHMvZmlyLXJlYWx0aW1lLXNoZWV0cy9sb2NhdGlvbnMvdXMtY2VudHJhbDEvb3BlcmF0aW9ucy9vcGVyYXRpb24tMTc1MjE0MDgxODQzNi02Mzk5MDEzMTQ1MDVmLTdiNWI5ODJiLWRjNzU0NTY0","metadata":{"@type":"type.googleapis.com/google.cloud.functions.v1.OperationMetadataV1","target":"projects/fir-realtime-sheets/locations/us-central1/functions/newFBUserToSheets","updateTime":"2025-07-10T09:46:58.894738004Z"}}
[debug] [2025-07-10T09:46:58.939Z] Checked if tokens are valid: true, expires at: 1752142546905
[debug] [2025-07-10T09:46:58.940Z] Checked if tokens are valid: true, expires at: 1752142546905
[debug] [2025-07-10T09:46:58.940Z] >>> [apiv2][query] GET https://cloudfunctions.googleapis.com/v1/operations/cHJvamVjdHMvZmlyLXJlYWx0aW1lLXNoZWV0cy9sb2NhdGlvbnMvdXMtY2VudHJhbDEvb3BlcmF0aW9ucy9vcGVyYXRpb24tMTc1MjE0MDgxODQzNi02Mzk5MDEzMTQ1MDVmLTdiNWI5ODJiLWRjNzU0NTY0 [none]
[debug] [2025-07-10T09:46:59.466Z] <<< [apiv2][status] GET https://cloudfunctions.googleapis.com/v1/operations/cHJvamVjdHMvZmlyLXJlYWx0aW1lLXNoZWV0cy9sb2NhdGlvbnMvdXMtY2VudHJhbDEvb3BlcmF0aW9ucy9vcGVyYXRpb24tMTc1MjE0MDgxODQzNi02Mzk5MDEzMTQ1MDVmLTdiNWI5ODJiLWRjNzU0NTY0 200
[debug] [2025-07-10T09:46:59.467Z] <<< [apiv2][body] GET https://cloudfunctions.googleapis.com/v1/operations/cHJvamVjdHMvZmlyLXJlYWx0aW1lLXNoZWV0cy9sb2NhdGlvbnMvdXMtY2VudHJhbDEvb3BlcmF0aW9ucy9vcGVyYXRpb24tMTc1MjE0MDgxODQzNi02Mzk5MDEzMTQ1MDVmLTdiNWI5ODJiLWRjNzU0NTY0 {"name":"operations/cHJvamVjdHMvZmlyLXJlYWx0aW1lLXNoZWV0cy9sb2NhdGlvbnMvdXMtY2VudHJhbDEvb3BlcmF0aW9ucy9vcGVyYXRpb24tMTc1MjE0MDgxODQzNi02Mzk5MDEzMTQ1MDVmLTdiNWI5ODJiLWRjNzU0NTY0","metadata":{"@type":"type.googleapis.com/google.cloud.functions.v1.OperationMetadataV1","target":"projects/fir-realtime-sheets/locations/us-central1/functions/newFBUserToSheets","updateTime":"2025-07-10T09:46:58.894738004Z"}}
[debug] [2025-07-10T09:46:59.969Z] [create-default-us-central1-newFBUserToSheets] Retrying task index 0
[debug] [2025-07-10T09:46:59.969Z] Checked if tokens are valid: true, expires at: 1752142546905
[debug] [2025-07-10T09:46:59.969Z] Checked if tokens are valid: true, expires at: 1752142546905
[debug] [2025-07-10T09:46:59.970Z] >>> [apiv2][query] GET https://cloudfunctions.googleapis.com/v1/operations/cHJvamVjdHMvZmlyLXJlYWx0aW1lLXNoZWV0cy9sb2NhdGlvbnMvdXMtY2VudHJhbDEvb3BlcmF0aW9ucy9vcGVyYXRpb24tMTc1MjE0MDgxODQzNi02Mzk5MDEzMTQ1MDVmLTdiNWI5ODJiLWRjNzU0NTY0 [none]
[debug] [2025-07-10T09:47:00.438Z] <<< [apiv2][status] GET https://cloudfunctions.googleapis.com/v1/operations/cHJvamVjdHMvZmlyLXJlYWx0aW1lLXNoZWV0cy9sb2NhdGlvbnMvdXMtY2VudHJhbDEvb3BlcmF0aW9ucy9vcGVyYXRpb24tMTc1MjE0MDgxODQzNi02Mzk5MDEzMTQ1MDVmLTdiNWI5ODJiLWRjNzU0NTY0 200
[debug] [2025-07-10T09:47:00.438Z] <<< [apiv2][body] GET https://cloudfunctions.googleapis.com/v1/operations/cHJvamVjdHMvZmlyLXJlYWx0aW1lLXNoZWV0cy9sb2NhdGlvbnMvdXMtY2VudHJhbDEvb3BlcmF0aW9ucy9vcGVyYXRpb24tMTc1MjE0MDgxODQzNi02Mzk5MDEzMTQ1MDVmLTdiNWI5ODJiLWRjNzU0NTY0 {"name":"operations/cHJvamVjdHMvZmlyLXJlYWx0aW1lLXNoZWV0cy9sb2NhdGlvbnMvdXMtY2VudHJhbDEvb3BlcmF0aW9ucy9vcGVyYXRpb24tMTc1MjE0MDgxODQzNi02Mzk5MDEzMTQ1MDVmLTdiNWI5ODJiLWRjNzU0NTY0","metadata":{"@type":"type.googleapis.com/google.cloud.functions.v1.OperationMetadataV1","target":"projects/fir-realtime-sheets/locations/us-central1/functions/newFBUserToSheets","type":"CREATE_FUNCTION","request":{"@type":"type.googleapis.com/google.cloud.functions.v1.CloudFunction","name":"projects/fir-realtime-sheets/locations/us-central1/functions/newFBUserToSheets","eventTrigger":{"eventType":"providers/google.firebase.database/eventTypes/ref.create","resource":"projects/_/instances/fir-realtime-sheets-default-rtdb/refs/sheets/{sheet}/{uid}","failurePolicy":{}},"entryPoint":"newFBUserToSheets","updateTime":"1970-01-01T00:00:00Z","labels":{"deployment-tool":"cli-firebase","firebase-functions-hash":"d164c00bcd21d622369294b72909f7dd3ed6c078"},"sourceUploadUrl":"https://storage.googleapis.com/uploads-1042029411951.us-central1.cloudfunctions.appspot.com/b4ae1576-497b-4bea-bfbe-d1853d7a7c4c.zip?GoogleAccessId=service-349032453980@gcf-admin-robot.iam.gserviceaccount.com&Expires=1752142517&Signature=MqFJbL30EnzMIhQ9brq%2FKvL9EPTKGwDStGRwriqppzpE5Arm6LeBbscF59oUbOusCNW2ptYGbkqf4cXh1xp1gI7tkfk4BrhtRSxWClt0k42JI2gojSc9DxOyRULkCAY%2BocdDNDnfy5HS5irzmmFSVOOv9KUhFp6NYWFOqZrB5I97d99YfVprRxkyRLdd5minr%2BPBBd3ljHYhGa%2BhYe9iLfqRnoto6Rs6UoSvkWBpvUHoWputF7O9v8M8bL0rtwqQzzPrdgya1WUTnZ7HI%2BPZt%2FkGJ6RGFlIyUnGvwaZPP9q%2FfHOSk8qTnHZ0C6PFfiganfSw8H2bN13%2BJBzxMcEfQQ%3D%3D","environmentVariables":{"FIREBASE_CONFIG":"{\"projectId\":\"fir-realtime-sheets\",\"databaseURL\":\"https://fir-realtime-sheets-default-rtdb.asia-southeast1.firebasedatabase.app\",\"storageBucket\":\"fir-realtime-sheets.firebasestorage.app\"}","GCLOUD_PROJECT":"fir-realtime-sheets","EVENTARC_CLOUD_EVENT_SOURCE":"projects/fir-realtime-sheets/locations/us-central1/functions/newFBUserToSheets"},"runtime":"nodejs20","buildEnvironmentVariables":{"GOOGLE_NODE_RUN_SCRIPTS":""},"sourceToken":"8b5a52f9-1b46-4b9c-87eb-10d4e083e907","dockerRegistry":"ARTIFACT_REGISTRY"},"versionId":"1","updateTime":"2025-07-10T09:46:58.894738004Z","sourceToken":"8b5a52f9-1b46-4b9c-87eb-10d4e083e907"}}
[debug] [2025-07-10T09:47:00.438Z] Got source token 8b5a52f9-1b46-4b9c-87eb-10d4e083e907 for region us-central1
[debug] [2025-07-10T09:47:01.440Z] [create-default-us-central1-newFBUserToSheets] Retrying task index 0
[debug] [2025-07-10T09:47:01.441Z] Checked if tokens are valid: true, expires at: 1752142546905
[debug] [2025-07-10T09:47:01.441Z] Checked if tokens are valid: true, expires at: 1752142546905
[debug] [2025-07-10T09:47:01.442Z] >>> [apiv2][query] GET https://cloudfunctions.googleapis.com/v1/operations/cHJvamVjdHMvZmlyLXJlYWx0aW1lLXNoZWV0cy9sb2NhdGlvbnMvdXMtY2VudHJhbDEvb3BlcmF0aW9ucy9vcGVyYXRpb24tMTc1MjE0MDgxODQzNi02Mzk5MDEzMTQ1MDVmLTdiNWI5ODJiLWRjNzU0NTY0 [none]
[debug] [2025-07-10T09:47:01.898Z] <<< [apiv2][status] GET https://cloudfunctions.googleapis.com/v1/operations/cHJvamVjdHMvZmlyLXJlYWx0aW1lLXNoZWV0cy9sb2NhdGlvbnMvdXMtY2VudHJhbDEvb3BlcmF0aW9ucy9vcGVyYXRpb24tMTc1MjE0MDgxODQzNi02Mzk5MDEzMTQ1MDVmLTdiNWI5ODJiLWRjNzU0NTY0 200
[debug] [2025-07-10T09:47:01.899Z] <<< [apiv2][body] GET https://cloudfunctions.googleapis.com/v1/operations/cHJvamVjdHMvZmlyLXJlYWx0aW1lLXNoZWV0cy9sb2NhdGlvbnMvdXMtY2VudHJhbDEvb3BlcmF0aW9ucy9vcGVyYXRpb24tMTc1MjE0MDgxODQzNi02Mzk5MDEzMTQ1MDVmLTdiNWI5ODJiLWRjNzU0NTY0 {"name":"operations/cHJvamVjdHMvZmlyLXJlYWx0aW1lLXNoZWV0cy9sb2NhdGlvbnMvdXMtY2VudHJhbDEvb3BlcmF0aW9ucy9vcGVyYXRpb24tMTc1MjE0MDgxODQzNi02Mzk5MDEzMTQ1MDVmLTdiNWI5ODJiLWRjNzU0NTY0","metadata":{"@type":"type.googleapis.com/google.cloud.functions.v1.OperationMetadataV1","target":"projects/fir-realtime-sheets/locations/us-central1/functions/newFBUserToSheets","type":"CREATE_FUNCTION","request":{"@type":"type.googleapis.com/google.cloud.functions.v1.CloudFunction","name":"projects/fir-realtime-sheets/locations/us-central1/functions/newFBUserToSheets","eventTrigger":{"eventType":"providers/google.firebase.database/eventTypes/ref.create","resource":"projects/_/instances/fir-realtime-sheets-default-rtdb/refs/sheets/{sheet}/{uid}","failurePolicy":{}},"entryPoint":"newFBUserToSheets","updateTime":"1970-01-01T00:00:00Z","labels":{"deployment-tool":"cli-firebase","firebase-functions-hash":"d164c00bcd21d622369294b72909f7dd3ed6c078"},"sourceUploadUrl":"https://storage.googleapis.com/uploads-1042029411951.us-central1.cloudfunctions.appspot.com/b4ae1576-497b-4bea-bfbe-d1853d7a7c4c.zip?GoogleAccessId=service-349032453980@gcf-admin-robot.iam.gserviceaccount.com&Expires=1752142517&Signature=MqFJbL30EnzMIhQ9brq%2FKvL9EPTKGwDStGRwriqppzpE5Arm6LeBbscF59oUbOusCNW2ptYGbkqf4cXh1xp1gI7tkfk4BrhtRSxWClt0k42JI2gojSc9DxOyRULkCAY%2BocdDNDnfy5HS5irzmmFSVOOv9KUhFp6NYWFOqZrB5I97d99YfVprRxkyRLdd5minr%2BPBBd3ljHYhGa%2BhYe9iLfqRnoto6Rs6UoSvkWBpvUHoWputF7O9v8M8bL0rtwqQzzPrdgya1WUTnZ7HI%2BPZt%2FkGJ6RGFlIyUnGvwaZPP9q%2FfHOSk8qTnHZ0C6PFfiganfSw8H2bN13%2BJBzxMcEfQQ%3D%3D","environmentVariables":{"FIREBASE_CONFIG":"{\"projectId\":\"fir-realtime-sheets\",\"databaseURL\":\"https://fir-realtime-sheets-default-rtdb.asia-southeast1.firebasedatabase.app\",\"storageBucket\":\"fir-realtime-sheets.firebasestorage.app\"}","GCLOUD_PROJECT":"fir-realtime-sheets","EVENTARC_CLOUD_EVENT_SOURCE":"projects/fir-realtime-sheets/locations/us-central1/functions/newFBUserToSheets"},"runtime":"nodejs20","buildEnvironmentVariables":{"GOOGLE_NODE_RUN_SCRIPTS":""},"sourceToken":"8b5a52f9-1b46-4b9c-87eb-10d4e083e907","dockerRegistry":"ARTIFACT_REGISTRY"},"versionId":"1","updateTime":"2025-07-10T09:46:58.894738004Z","sourceToken":"8b5a52f9-1b46-4b9c-87eb-10d4e083e907"}}
[debug] [2025-07-10T09:47:01.899Z] Got source token 8b5a52f9-1b46-4b9c-87eb-10d4e083e907 for region us-central1
[debug] [2025-07-10T09:47:03.901Z] [create-default-us-central1-newFBUserToSheets] Retrying task index 0
[debug] [2025-07-10T09:47:03.901Z] Checked if tokens are valid: true, expires at: 1752142546905
[debug] [2025-07-10T09:47:03.902Z] Checked if tokens are valid: true, expires at: 1752142546905
[debug] [2025-07-10T09:47:03.902Z] >>> [apiv2][query] GET https://cloudfunctions.googleapis.com/v1/operations/cHJvamVjdHMvZmlyLXJlYWx0aW1lLXNoZWV0cy9sb2NhdGlvbnMvdXMtY2VudHJhbDEvb3BlcmF0aW9ucy9vcGVyYXRpb24tMTc1MjE0MDgxODQzNi02Mzk5MDEzMTQ1MDVmLTdiNWI5ODJiLWRjNzU0NTY0 [none]
[debug] [2025-07-10T09:47:04.427Z] <<< [apiv2][status] GET https://cloudfunctions.googleapis.com/v1/operations/cHJvamVjdHMvZmlyLXJlYWx0aW1lLXNoZWV0cy9sb2NhdGlvbnMvdXMtY2VudHJhbDEvb3BlcmF0aW9ucy9vcGVyYXRpb24tMTc1MjE0MDgxODQzNi02Mzk5MDEzMTQ1MDVmLTdiNWI5ODJiLWRjNzU0NTY0 200
[debug] [2025-07-10T09:47:04.427Z] <<< [apiv2][body] GET https://cloudfunctions.googleapis.com/v1/operations/cHJvamVjdHMvZmlyLXJlYWx0aW1lLXNoZWV0cy9sb2NhdGlvbnMvdXMtY2VudHJhbDEvb3BlcmF0aW9ucy9vcGVyYXRpb24tMTc1MjE0MDgxODQzNi02Mzk5MDEzMTQ1MDVmLTdiNWI5ODJiLWRjNzU0NTY0 {"name":"operations/cHJvamVjdHMvZmlyLXJlYWx0aW1lLXNoZWV0cy9sb2NhdGlvbnMvdXMtY2VudHJhbDEvb3BlcmF0aW9ucy9vcGVyYXRpb24tMTc1MjE0MDgxODQzNi02Mzk5MDEzMTQ1MDVmLTdiNWI5ODJiLWRjNzU0NTY0","metadata":{"@type":"type.googleapis.com/google.cloud.functions.v1.OperationMetadataV1","target":"projects/fir-realtime-sheets/locations/us-central1/functions/newFBUserToSheets","type":"CREATE_FUNCTION","request":{"@type":"type.googleapis.com/google.cloud.functions.v1.CloudFunction","name":"projects/fir-realtime-sheets/locations/us-central1/functions/newFBUserToSheets","eventTrigger":{"eventType":"providers/google.firebase.database/eventTypes/ref.create","resource":"projects/_/instances/fir-realtime-sheets-default-rtdb/refs/sheets/{sheet}/{uid}","failurePolicy":{}},"entryPoint":"newFBUserToSheets","updateTime":"1970-01-01T00:00:00Z","labels":{"deployment-tool":"cli-firebase","firebase-functions-hash":"d164c00bcd21d622369294b72909f7dd3ed6c078"},"sourceUploadUrl":"https://storage.googleapis.com/uploads-1042029411951.us-central1.cloudfunctions.appspot.com/b4ae1576-497b-4bea-bfbe-d1853d7a7c4c.zip?GoogleAccessId=service-349032453980@gcf-admin-robot.iam.gserviceaccount.com&Expires=1752142517&Signature=MqFJbL30EnzMIhQ9brq%2FKvL9EPTKGwDStGRwriqppzpE5Arm6LeBbscF59oUbOusCNW2ptYGbkqf4cXh1xp1gI7tkfk4BrhtRSxWClt0k42JI2gojSc9DxOyRULkCAY%2BocdDNDnfy5HS5irzmmFSVOOv9KUhFp6NYWFOqZrB5I97d99YfVprRxkyRLdd5minr%2BPBBd3ljHYhGa%2BhYe9iLfqRnoto6Rs6UoSvkWBpvUHoWputF7O9v8M8bL0rtwqQzzPrdgya1WUTnZ7HI%2BPZt%2FkGJ6RGFlIyUnGvwaZPP9q%2FfHOSk8qTnHZ0C6PFfiganfSw8H2bN13%2BJBzxMcEfQQ%3D%3D","environmentVariables":{"FIREBASE_CONFIG":"{\"projectId\":\"fir-realtime-sheets\",\"databaseURL\":\"https://fir-realtime-sheets-default-rtdb.asia-southeast1.firebasedatabase.app\",\"storageBucket\":\"fir-realtime-sheets.firebasestorage.app\"}","GCLOUD_PROJECT":"fir-realtime-sheets","EVENTARC_CLOUD_EVENT_SOURCE":"projects/fir-realtime-sheets/locations/us-central1/functions/newFBUserToSheets"},"runtime":"nodejs20","buildEnvironmentVariables":{"GOOGLE_NODE_RUN_SCRIPTS":""},"sourceToken":"8b5a52f9-1b46-4b9c-87eb-10d4e083e907","dockerRegistry":"ARTIFACT_REGISTRY"},"versionId":"1","updateTime":"2025-07-10T09:46:58.894738004Z","buildId":"790c2f8b-f850-409f-bec0-9219af9602df","sourceToken":"8b5a52f9-1b46-4b9c-87eb-10d4e083e907","buildName":"projects/349032453980/locations/us-central1/builds/790c2f8b-f850-409f-bec0-9219af9602df"}}
[debug] [2025-07-10T09:47:04.427Z] Got source token 8b5a52f9-1b46-4b9c-87eb-10d4e083e907 for region us-central1
[debug] [2025-07-10T09:47:07.998Z] [create-default-us-central1-firebaseToSheets] Retrying task index 0
[debug] [2025-07-10T09:47:07.998Z] Checked if tokens are valid: true, expires at: 1752142546905
[debug] [2025-07-10T09:47:07.998Z] Checked if tokens are valid: true, expires at: 1752142546905
[debug] [2025-07-10T09:47:07.999Z] >>> [apiv2][query] GET https://cloudfunctions.googleapis.com/v1/operations/cHJvamVjdHMvZmlyLXJlYWx0aW1lLXNoZWV0cy9sb2NhdGlvbnMvdXMtY2VudHJhbDEvb3BlcmF0aW9ucy9vcGVyYXRpb24tMTc1MjE0MDcxOTMwNS02Mzk5MDBkMmJiM2VmLWQzZDY3M2IwLTZiOTU4MjNh [none]
[debug] [2025-07-10T09:47:08.430Z] [create-default-us-central1-newFBUserToSheets] Retrying task index 0
[debug] [2025-07-10T09:47:08.430Z] Checked if tokens are valid: true, expires at: 1752142546905
[debug] [2025-07-10T09:47:08.431Z] Checked if tokens are valid: true, expires at: 1752142546905
[debug] [2025-07-10T09:47:08.431Z] >>> [apiv2][query] GET https://cloudfunctions.googleapis.com/v1/operations/cHJvamVjdHMvZmlyLXJlYWx0aW1lLXNoZWV0cy9sb2NhdGlvbnMvdXMtY2VudHJhbDEvb3BlcmF0aW9ucy9vcGVyYXRpb24tMTc1MjE0MDgxODQzNi02Mzk5MDEzMTQ1MDVmLTdiNWI5ODJiLWRjNzU0NTY0 [none]
[debug] [2025-07-10T09:47:08.455Z] <<< [apiv2][status] GET https://cloudfunctions.googleapis.com/v1/operations/cHJvamVjdHMvZmlyLXJlYWx0aW1lLXNoZWV0cy9sb2NhdGlvbnMvdXMtY2VudHJhbDEvb3BlcmF0aW9ucy9vcGVyYXRpb24tMTc1MjE0MDcxOTMwNS02Mzk5MDBkMmJiM2VmLWQzZDY3M2IwLTZiOTU4MjNh 200
[debug] [2025-07-10T09:47:08.455Z] <<< [apiv2][body] GET https://cloudfunctions.googleapis.com/v1/operations/cHJvamVjdHMvZmlyLXJlYWx0aW1lLXNoZWV0cy9sb2NhdGlvbnMvdXMtY2VudHJhbDEvb3BlcmF0aW9ucy9vcGVyYXRpb24tMTc1MjE0MDcxOTMwNS02Mzk5MDBkMmJiM2VmLWQzZDY3M2IwLTZiOTU4MjNh {"name":"operations/cHJvamVjdHMvZmlyLXJlYWx0aW1lLXNoZWV0cy9sb2NhdGlvbnMvdXMtY2VudHJhbDEvb3BlcmF0aW9ucy9vcGVyYXRpb24tMTc1MjE0MDcxOTMwNS02Mzk5MDBkMmJiM2VmLWQzZDY3M2IwLTZiOTU4MjNh","metadata":{"@type":"type.googleapis.com/google.cloud.functions.v1.OperationMetadataV1","target":"projects/fir-realtime-sheets/locations/us-central1/functions/firebaseToSheets","type":"CREATE_FUNCTION","request":{"@type":"type.googleapis.com/google.cloud.functions.v1.CloudFunction","name":"projects/fir-realtime-sheets/locations/us-central1/functions/firebaseToSheets","eventTrigger":{"eventType":"providers/google.firebase.database/eventTypes/ref.update","resource":"projects/_/instances/fir-realtime-sheets-default-rtdb/refs/sheets/{sheet}/{rowId}/{cellId}","failurePolicy":{}},"entryPoint":"firebaseToSheets","updateTime":"1970-01-01T00:00:00Z","labels":{"deployment-tool":"cli-firebase","firebase-functions-hash":"d164c00bcd21d622369294b72909f7dd3ed6c078"},"sourceUploadUrl":"https://storage.googleapis.com/uploads-1042029411951.us-central1.cloudfunctions.appspot.com/b4ae1576-497b-4bea-bfbe-d1853d7a7c4c.zip?GoogleAccessId=service-349032453980@gcf-admin-robot.iam.gserviceaccount.com&Expires=1752142517&Signature=MqFJbL30EnzMIhQ9brq%2FKvL9EPTKGwDStGRwriqppzpE5Arm6LeBbscF59oUbOusCNW2ptYGbkqf4cXh1xp1gI7tkfk4BrhtRSxWClt0k42JI2gojSc9DxOyRULkCAY%2BocdDNDnfy5HS5irzmmFSVOOv9KUhFp6NYWFOqZrB5I97d99YfVprRxkyRLdd5minr%2BPBBd3ljHYhGa%2BhYe9iLfqRnoto6Rs6UoSvkWBpvUHoWputF7O9v8M8bL0rtwqQzzPrdgya1WUTnZ7HI%2BPZt%2FkGJ6RGFlIyUnGvwaZPP9q%2FfHOSk8qTnHZ0C6PFfiganfSw8H2bN13%2BJBzxMcEfQQ%3D%3D","environmentVariables":{"FIREBASE_CONFIG":"{\"projectId\":\"fir-realtime-sheets\",\"databaseURL\":\"https://fir-realtime-sheets-default-rtdb.asia-southeast1.firebasedatabase.app\",\"storageBucket\":\"fir-realtime-sheets.firebasestorage.app\"}","GCLOUD_PROJECT":"fir-realtime-sheets","EVENTARC_CLOUD_EVENT_SOURCE":"projects/fir-realtime-sheets/locations/us-central1/functions/firebaseToSheets"},"runtime":"nodejs20","buildEnvironmentVariables":{"GOOGLE_NODE_RUN_SCRIPTS":""},"dockerRegistry":"ARTIFACT_REGISTRY"},"versionId":"1","updateTime":"2025-07-10T09:47:05.587027156Z","buildId":"790c2f8b-f850-409f-bec0-9219af9602df","sourceToken":"8b5a52f9-1b46-4b9c-87eb-10d4e083e907","buildName":"projects/349032453980/locations/us-central1/builds/790c2f8b-f850-409f-bec0-9219af9602df"},"done":true,"response":{"@type":"type.googleapis.com/google.cloud.functions.v1.CloudFunction","name":"projects/fir-realtime-sheets/locations/us-central1/functions/firebaseToSheets","eventTrigger":{"eventType":"providers/google.firebase.database/eventTypes/ref.update","resource":"projects/_/instances/fir-realtime-sheets-default-rtdb/refs/sheets/{sheet}/{rowId}/{cellId}","service":"firebaseio.com","failurePolicy":{}},"status":"ACTIVE","entryPoint":"firebaseToSheets","timeout":"60s","availableMemoryMb":256,"serviceAccountEmail":"fir-realtime-sheets@appspot.gserviceaccount.com","updateTime":"2025-07-10T09:45:20.747824790Z","versionId":"1","labels":{"deployment-tool":"cli-firebase","firebase-functions-hash":"d164c00bcd21d622369294b72909f7dd3ed6c078"},"sourceUploadUrl":"https://storage.googleapis.com/uploads-1042029411951.us-central1.cloudfunctions.appspot.com/b4ae1576-497b-4bea-bfbe-d1853d7a7c4c.zip","environmentVariables":{"FIREBASE_CONFIG":"{\"projectId\":\"fir-realtime-sheets\",\"databaseURL\":\"https://fir-realtime-sheets-default-rtdb.asia-southeast1.firebasedatabase.app\",\"storageBucket\":\"fir-realtime-sheets.firebasestorage.app\"}","GCLOUD_PROJECT":"fir-realtime-sheets","EVENTARC_CLOUD_EVENT_SOURCE":"projects/fir-realtime-sheets/locations/us-central1/functions/firebaseToSheets"},"runtime":"nodejs20","maxInstances":3000,"ingressSettings":"ALLOW_ALL","buildId":"790c2f8b-f850-409f-bec0-9219af9602df","buildEnvironmentVariables":{"GOOGLE_NODE_RUN_SCRIPTS":""},"buildName":"projects/349032453980/locations/us-central1/builds/790c2f8b-f850-409f-bec0-9219af9602df","dockerRegistry":"ARTIFACT_REGISTRY","automaticUpdatePolicy":{},"buildServiceAccount":"projects/fir-realtime-sheets/serviceAccounts/349032453980-compute@developer.gserviceaccount.com","satisfiesPzi":true}}
[debug] [2025-07-10T09:47:08.455Z] Got source token 8b5a52f9-1b46-4b9c-87eb-10d4e083e907 for region us-central1
[info] ✔  functions[firebaseToSheets(us-central1)] Successful create operation. 
[debug] [2025-07-10T09:47:09.199Z] <<< [apiv2][status] GET https://cloudfunctions.googleapis.com/v1/operations/cHJvamVjdHMvZmlyLXJlYWx0aW1lLXNoZWV0cy9sb2NhdGlvbnMvdXMtY2VudHJhbDEvb3BlcmF0aW9ucy9vcGVyYXRpb24tMTc1MjE0MDgxODQzNi02Mzk5MDEzMTQ1MDVmLTdiNWI5ODJiLWRjNzU0NTY0 200
[debug] [2025-07-10T09:47:09.199Z] <<< [apiv2][body] GET https://cloudfunctions.googleapis.com/v1/operations/cHJvamVjdHMvZmlyLXJlYWx0aW1lLXNoZWV0cy9sb2NhdGlvbnMvdXMtY2VudHJhbDEvb3BlcmF0aW9ucy9vcGVyYXRpb24tMTc1MjE0MDgxODQzNi02Mzk5MDEzMTQ1MDVmLTdiNWI5ODJiLWRjNzU0NTY0 {"name":"operations/cHJvamVjdHMvZmlyLXJlYWx0aW1lLXNoZWV0cy9sb2NhdGlvbnMvdXMtY2VudHJhbDEvb3BlcmF0aW9ucy9vcGVyYXRpb24tMTc1MjE0MDgxODQzNi02Mzk5MDEzMTQ1MDVmLTdiNWI5ODJiLWRjNzU0NTY0","metadata":{"@type":"type.googleapis.com/google.cloud.functions.v1.OperationMetadataV1","target":"projects/fir-realtime-sheets/locations/us-central1/functions/newFBUserToSheets","type":"CREATE_FUNCTION","request":{"@type":"type.googleapis.com/google.cloud.functions.v1.CloudFunction","name":"projects/fir-realtime-sheets/locations/us-central1/functions/newFBUserToSheets","eventTrigger":{"eventType":"providers/google.firebase.database/eventTypes/ref.create","resource":"projects/_/instances/fir-realtime-sheets-default-rtdb/refs/sheets/{sheet}/{uid}","failurePolicy":{}},"entryPoint":"newFBUserToSheets","updateTime":"1970-01-01T00:00:00Z","labels":{"deployment-tool":"cli-firebase","firebase-functions-hash":"d164c00bcd21d622369294b72909f7dd3ed6c078"},"sourceUploadUrl":"https://storage.googleapis.com/uploads-1042029411951.us-central1.cloudfunctions.appspot.com/b4ae1576-497b-4bea-bfbe-d1853d7a7c4c.zip?GoogleAccessId=service-349032453980@gcf-admin-robot.iam.gserviceaccount.com&Expires=1752142517&Signature=MqFJbL30EnzMIhQ9brq%2FKvL9EPTKGwDStGRwriqppzpE5Arm6LeBbscF59oUbOusCNW2ptYGbkqf4cXh1xp1gI7tkfk4BrhtRSxWClt0k42JI2gojSc9DxOyRULkCAY%2BocdDNDnfy5HS5irzmmFSVOOv9KUhFp6NYWFOqZrB5I97d99YfVprRxkyRLdd5minr%2BPBBd3ljHYhGa%2BhYe9iLfqRnoto6Rs6UoSvkWBpvUHoWputF7O9v8M8bL0rtwqQzzPrdgya1WUTnZ7HI%2BPZt%2FkGJ6RGFlIyUnGvwaZPP9q%2FfHOSk8qTnHZ0C6PFfiganfSw8H2bN13%2BJBzxMcEfQQ%3D%3D","environmentVariables":{"FIREBASE_CONFIG":"{\"projectId\":\"fir-realtime-sheets\",\"databaseURL\":\"https://fir-realtime-sheets-default-rtdb.asia-southeast1.firebasedatabase.app\",\"storageBucket\":\"fir-realtime-sheets.firebasestorage.app\"}","GCLOUD_PROJECT":"fir-realtime-sheets","EVENTARC_CLOUD_EVENT_SOURCE":"projects/fir-realtime-sheets/locations/us-central1/functions/newFBUserToSheets"},"runtime":"nodejs20","buildEnvironmentVariables":{"GOOGLE_NODE_RUN_SCRIPTS":""},"sourceToken":"8b5a52f9-1b46-4b9c-87eb-10d4e083e907","dockerRegistry":"ARTIFACT_REGISTRY"},"versionId":"1","updateTime":"2025-07-10T09:46:58.894738004Z","buildId":"790c2f8b-f850-409f-bec0-9219af9602df","sourceToken":"8b5a52f9-1b46-4b9c-87eb-10d4e083e907","buildName":"projects/349032453980/locations/us-central1/builds/790c2f8b-f850-409f-bec0-9219af9602df"}}
[debug] [2025-07-10T09:47:09.200Z] Got source token 8b5a52f9-1b46-4b9c-87eb-10d4e083e907 for region us-central1
[debug] [2025-07-10T09:47:17.201Z] [create-default-us-central1-newFBUserToSheets] Retrying task index 0
[debug] [2025-07-10T09:47:17.201Z] Checked if tokens are valid: true, expires at: 1752142546905
[debug] [2025-07-10T09:47:17.202Z] Checked if tokens are valid: true, expires at: 1752142546905
[debug] [2025-07-10T09:47:17.202Z] >>> [apiv2][query] GET https://cloudfunctions.googleapis.com/v1/operations/cHJvamVjdHMvZmlyLXJlYWx0aW1lLXNoZWV0cy9sb2NhdGlvbnMvdXMtY2VudHJhbDEvb3BlcmF0aW9ucy9vcGVyYXRpb24tMTc1MjE0MDgxODQzNi02Mzk5MDEzMTQ1MDVmLTdiNWI5ODJiLWRjNzU0NTY0 [none]
[debug] [2025-07-10T09:47:17.895Z] <<< [apiv2][status] GET https://cloudfunctions.googleapis.com/v1/operations/cHJvamVjdHMvZmlyLXJlYWx0aW1lLXNoZWV0cy9sb2NhdGlvbnMvdXMtY2VudHJhbDEvb3BlcmF0aW9ucy9vcGVyYXRpb24tMTc1MjE0MDgxODQzNi02Mzk5MDEzMTQ1MDVmLTdiNWI5ODJiLWRjNzU0NTY0 200
[debug] [2025-07-10T09:47:17.896Z] <<< [apiv2][body] GET https://cloudfunctions.googleapis.com/v1/operations/cHJvamVjdHMvZmlyLXJlYWx0aW1lLXNoZWV0cy9sb2NhdGlvbnMvdXMtY2VudHJhbDEvb3BlcmF0aW9ucy9vcGVyYXRpb24tMTc1MjE0MDgxODQzNi02Mzk5MDEzMTQ1MDVmLTdiNWI5ODJiLWRjNzU0NTY0 {"name":"operations/cHJvamVjdHMvZmlyLXJlYWx0aW1lLXNoZWV0cy9sb2NhdGlvbnMvdXMtY2VudHJhbDEvb3BlcmF0aW9ucy9vcGVyYXRpb24tMTc1MjE0MDgxODQzNi02Mzk5MDEzMTQ1MDVmLTdiNWI5ODJiLWRjNzU0NTY0","metadata":{"@type":"type.googleapis.com/google.cloud.functions.v1.OperationMetadataV1","target":"projects/fir-realtime-sheets/locations/us-central1/functions/newFBUserToSheets","type":"CREATE_FUNCTION","request":{"@type":"type.googleapis.com/google.cloud.functions.v1.CloudFunction","name":"projects/fir-realtime-sheets/locations/us-central1/functions/newFBUserToSheets","eventTrigger":{"eventType":"providers/google.firebase.database/eventTypes/ref.create","resource":"projects/_/instances/fir-realtime-sheets-default-rtdb/refs/sheets/{sheet}/{uid}","failurePolicy":{}},"entryPoint":"newFBUserToSheets","updateTime":"1970-01-01T00:00:00Z","labels":{"deployment-tool":"cli-firebase","firebase-functions-hash":"d164c00bcd21d622369294b72909f7dd3ed6c078"},"sourceUploadUrl":"https://storage.googleapis.com/uploads-1042029411951.us-central1.cloudfunctions.appspot.com/b4ae1576-497b-4bea-bfbe-d1853d7a7c4c.zip?GoogleAccessId=service-349032453980@gcf-admin-robot.iam.gserviceaccount.com&Expires=1752142517&Signature=MqFJbL30EnzMIhQ9brq%2FKvL9EPTKGwDStGRwriqppzpE5Arm6LeBbscF59oUbOusCNW2ptYGbkqf4cXh1xp1gI7tkfk4BrhtRSxWClt0k42JI2gojSc9DxOyRULkCAY%2BocdDNDnfy5HS5irzmmFSVOOv9KUhFp6NYWFOqZrB5I97d99YfVprRxkyRLdd5minr%2BPBBd3ljHYhGa%2BhYe9iLfqRnoto6Rs6UoSvkWBpvUHoWputF7O9v8M8bL0rtwqQzzPrdgya1WUTnZ7HI%2BPZt%2FkGJ6RGFlIyUnGvwaZPP9q%2FfHOSk8qTnHZ0C6PFfiganfSw8H2bN13%2BJBzxMcEfQQ%3D%3D","environmentVariables":{"FIREBASE_CONFIG":"{\"projectId\":\"fir-realtime-sheets\",\"databaseURL\":\"https://fir-realtime-sheets-default-rtdb.asia-southeast1.firebasedatabase.app\",\"storageBucket\":\"fir-realtime-sheets.firebasestorage.app\"}","GCLOUD_PROJECT":"fir-realtime-sheets","EVENTARC_CLOUD_EVENT_SOURCE":"projects/fir-realtime-sheets/locations/us-central1/functions/newFBUserToSheets"},"runtime":"nodejs20","buildEnvironmentVariables":{"GOOGLE_NODE_RUN_SCRIPTS":""},"sourceToken":"8b5a52f9-1b46-4b9c-87eb-10d4e083e907","dockerRegistry":"ARTIFACT_REGISTRY"},"versionId":"1","updateTime":"2025-07-10T09:47:11.455835938Z","buildId":"790c2f8b-f850-409f-bec0-9219af9602df","sourceToken":"8b5a52f9-1b46-4b9c-87eb-10d4e083e907","buildName":"projects/349032453980/locations/us-central1/builds/790c2f8b-f850-409f-bec0-9219af9602df"},"done":true,"response":{"@type":"type.googleapis.com/google.cloud.functions.v1.CloudFunction","name":"projects/fir-realtime-sheets/locations/us-central1/functions/newFBUserToSheets","eventTrigger":{"eventType":"providers/google.firebase.database/eventTypes/ref.create","resource":"projects/_/instances/fir-realtime-sheets-default-rtdb/refs/sheets/{sheet}/{uid}","service":"firebaseio.com","failurePolicy":{}},"status":"ACTIVE","entryPoint":"newFBUserToSheets","timeout":"60s","availableMemoryMb":256,"serviceAccountEmail":"fir-realtime-sheets@appspot.gserviceaccount.com","updateTime":"2025-07-10T09:46:58.888970669Z","versionId":"1","labels":{"deployment-tool":"cli-firebase","firebase-functions-hash":"d164c00bcd21d622369294b72909f7dd3ed6c078"},"sourceUploadUrl":"https://storage.googleapis.com/uploads-1042029411951.us-central1.cloudfunctions.appspot.com/b4ae1576-497b-4bea-bfbe-d1853d7a7c4c.zip","environmentVariables":{"FIREBASE_CONFIG":"{\"projectId\":\"fir-realtime-sheets\",\"databaseURL\":\"https://fir-realtime-sheets-default-rtdb.asia-southeast1.firebasedatabase.app\",\"storageBucket\":\"fir-realtime-sheets.firebasestorage.app\"}","GCLOUD_PROJECT":"fir-realtime-sheets","EVENTARC_CLOUD_EVENT_SOURCE":"projects/fir-realtime-sheets/locations/us-central1/functions/newFBUserToSheets"},"runtime":"nodejs20","maxInstances":3000,"ingressSettings":"ALLOW_ALL","buildId":"790c2f8b-f850-409f-bec0-9219af9602df","buildEnvironmentVariables":{"GOOGLE_NODE_RUN_SCRIPTS":""},"buildName":"projects/349032453980/locations/us-central1/builds/790c2f8b-f850-409f-bec0-9219af9602df","dockerRegistry":"ARTIFACT_REGISTRY","automaticUpdatePolicy":{},"buildServiceAccount":"projects/fir-realtime-sheets/serviceAccounts/349032453980-compute@developer.gserviceaccount.com","satisfiesPzi":true}}
[debug] [2025-07-10T09:47:17.897Z] Got source token 8b5a52f9-1b46-4b9c-87eb-10d4e083e907 for region us-central1
[info] ✔  functions[newFBUserToSheets(us-central1)] Successful create operation. 
[debug] [2025-07-10T09:47:17.908Z] Total Function Deployment time: 119036
[debug] [2025-07-10T09:47:17.908Z] 2 Functions Deployed
[debug] [2025-07-10T09:47:17.908Z] 0 Functions Errored
[debug] [2025-07-10T09:47:17.908Z] 0 Function Deployments Aborted
[debug] [2025-07-10T09:47:17.908Z] Average Function Deployment time: 114313
[info] i  functions: cleaning up build files... 
[debug] [2025-07-10T09:47:18.304Z] Checked if tokens are valid: true, expires at: 1752142546905
[debug] [2025-07-10T09:47:18.304Z] Checked if tokens are valid: true, expires at: 1752142546905
[debug] [2025-07-10T09:47:18.305Z] Checked if tokens are valid: true, expires at: 1752142546905
[debug] [2025-07-10T09:47:18.305Z] Checked if tokens are valid: true, expires at: 1752142546905
[debug] [2025-07-10T09:47:18.306Z] Checked if tokens are valid: true, expires at: 1752142546905
[debug] [2025-07-10T09:47:18.306Z] Checked if tokens are valid: true, expires at: 1752142546905
[debug] [2025-07-10T09:47:18.306Z] >>> [apiv2][query] DELETE https://artifactregistry.googleapis.com/v1beta2/projects/fir-realtime-sheets/locations/us-central1/repositories/gcf-artifacts/packages/firebase_to_sheets [none]
[debug] [2025-07-10T09:47:18.307Z] >>> [apiv2][query] DELETE https://artifactregistry.googleapis.com/v1beta2/projects/fir-realtime-sheets/locations/us-central1/repositories/gcf-artifacts/packages/new_f_b_user_to_sheets [none]
[debug] [2025-07-10T09:47:18.309Z] >>> [apiv2][query] GET https://us.gcr.io/v2/fir-realtime-sheets/gcf/us-central1/tags/list [none]
[debug] [2025-07-10T09:47:19.947Z] <<< [apiv2][status] DELETE https://artifactregistry.googleapis.com/v1beta2/projects/fir-realtime-sheets/locations/us-central1/repositories/gcf-artifacts/packages/new_f_b_user_to_sheets 404
[debug] [2025-07-10T09:47:19.948Z] <<< [apiv2][body] DELETE https://artifactregistry.googleapis.com/v1beta2/projects/fir-realtime-sheets/locations/us-central1/repositories/gcf-artifacts/packages/new_f_b_user_to_sheets {"error":{"code":404,"message":"Package \"projects/fir-realtime-sheets/locations/us-central1/repositories/gcf-artifacts/packages/new_f_b_user_to_sheets\" was not found.","status":"NOT_FOUND"}}
[debug] [2025-07-10T09:47:19.955Z] <<< [apiv2][status] DELETE https://artifactregistry.googleapis.com/v1beta2/projects/fir-realtime-sheets/locations/us-central1/repositories/gcf-artifacts/packages/firebase_to_sheets 200
[debug] [2025-07-10T09:47:19.955Z] <<< [apiv2][body] DELETE https://artifactregistry.googleapis.com/v1beta2/projects/fir-realtime-sheets/locations/us-central1/repositories/gcf-artifacts/packages/firebase_to_sheets {"name":"projects/fir-realtime-sheets/locations/us-central1/operations/9896999b-27ed-4939-b584-1ad5849c3c02","metadata":{"@type":"type.googleapis.com/google.devtools.artifactregistry.v1beta2.OperationMetadata"}}
[debug] [2025-07-10T09:47:19.956Z] Checked if tokens are valid: true, expires at: 1752142546905
[debug] [2025-07-10T09:47:19.956Z] Checked if tokens are valid: true, expires at: 1752142546905
[debug] [2025-07-10T09:47:19.956Z] >>> [apiv2][query] GET https://artifactregistry.googleapis.com/v1beta2/projects/fir-realtime-sheets/locations/us-central1/operations/9896999b-27ed-4939-b584-1ad5849c3c02 [none]
[debug] [2025-07-10T09:47:21.327Z] <<< [apiv2][status] GET https://artifactregistry.googleapis.com/v1beta2/projects/fir-realtime-sheets/locations/us-central1/operations/9896999b-27ed-4939-b584-1ad5849c3c02 200
[debug] [2025-07-10T09:47:21.327Z] <<< [apiv2][body] GET https://artifactregistry.googleapis.com/v1beta2/projects/fir-realtime-sheets/locations/us-central1/operations/9896999b-27ed-4939-b584-1ad5849c3c02 {"name":"projects/fir-realtime-sheets/locations/us-central1/operations/9896999b-27ed-4939-b584-1ad5849c3c02","metadata":{"@type":"type.googleapis.com/google.devtools.artifactregistry.v1beta2.OperationMetadata"},"done":true,"response":{"@type":"type.googleapis.com/google.protobuf.Empty"}}
[debug] [2025-07-10T09:47:21.386Z] <<< [apiv2][status] GET https://us.gcr.io/v2/fir-realtime-sheets/gcf/us-central1/tags/list 404
[debug] [2025-07-10T09:47:21.386Z] <<< [apiv2][body] GET https://us.gcr.io/v2/fir-realtime-sheets/gcf/us-central1/tags/list {"errors":[{"code":"NAME_UNKNOWN","message":"Repository \"us.gcr.io\" not found"}]}
[debug] [2025-07-10T09:47:21.386Z] Failed docker command with error  Request to https://us.gcr.io/v2/fir-realtime-sheets/gcf/us-central1/tags/list had HTTP Error: 404, Not Found {"name":"FirebaseError","children":[],"context":{"body":{"errors":[{"code":"NAME_UNKNOWN","message":"Repository \"us.gcr.io\" not found"}],"error":{"message":"Not Found"}},"response":{"statusCode":404}},"exit":1,"message":"Request to https://us.gcr.io/v2/fir-realtime-sheets/gcf/us-central1/tags/list had HTTP Error: 404, Not Found","status":404}
[debug] [2025-07-10T09:47:21.388Z] Checked if tokens are valid: true, expires at: 1752142546905
[debug] [2025-07-10T09:47:21.388Z] Checked if tokens are valid: true, expires at: 1752142546905
[debug] [2025-07-10T09:47:21.388Z] >>> [apiv2][query] GET https://us.gcr.io/v2/fir-realtime-sheets/gcf/us-central1/tags/list [none]
[debug] [2025-07-10T09:47:22.449Z] <<< [apiv2][status] GET https://us.gcr.io/v2/fir-realtime-sheets/gcf/us-central1/tags/list 404
[debug] [2025-07-10T09:47:22.449Z] <<< [apiv2][body] GET https://us.gcr.io/v2/fir-realtime-sheets/gcf/us-central1/tags/list {"errors":[{"code":"NAME_UNKNOWN","message":"Repository \"us.gcr.io\" not found"}]}
[debug] [2025-07-10T09:47:22.450Z] Failed docker command with error  Request to https://us.gcr.io/v2/fir-realtime-sheets/gcf/us-central1/tags/list had HTTP Error: 404, Not Found {"name":"FirebaseError","children":[],"context":{"body":{"errors":[{"code":"NAME_UNKNOWN","message":"Repository \"us.gcr.io\" not found"}],"error":{"message":"Not Found"}},"response":{"statusCode":404}},"exit":1,"message":"Request to https://us.gcr.io/v2/fir-realtime-sheets/gcf/us-central1/tags/list had HTTP Error: 404, Not Found","status":404}
[debug] [2025-07-10T09:47:22.552Z] Checked if tokens are valid: true, expires at: 1752142546905
[debug] [2025-07-10T09:47:22.552Z] Checked if tokens are valid: true, expires at: 1752142546905
[debug] [2025-07-10T09:47:22.553Z] >>> [apiv2][query] GET https://us.gcr.io/v2/fir-realtime-sheets/gcf/us-central1/tags/list [none]
[debug] [2025-07-10T09:47:23.067Z] <<< [apiv2][status] GET https://us.gcr.io/v2/fir-realtime-sheets/gcf/us-central1/tags/list 404
[debug] [2025-07-10T09:47:23.067Z] <<< [apiv2][body] GET https://us.gcr.io/v2/fir-realtime-sheets/gcf/us-central1/tags/list {"errors":[{"code":"NAME_UNKNOWN","message":"Repository \"us.gcr.io\" not found"}]}
[debug] [2025-07-10T09:47:23.067Z] Failed docker command with error  Request to https://us.gcr.io/v2/fir-realtime-sheets/gcf/us-central1/tags/list had HTTP Error: 404, Not Found {"name":"FirebaseError","children":[],"context":{"body":{"errors":[{"code":"NAME_UNKNOWN","message":"Repository \"us.gcr.io\" not found"}],"error":{"message":"Not Found"}},"response":{"statusCode":404}},"exit":1,"message":"Request to https://us.gcr.io/v2/fir-realtime-sheets/gcf/us-central1/tags/list had HTTP Error: 404, Not Found","status":404}
[warn] ⚠  functions: Unhandled error cleaning up build images. This could result in a small monthly bill if not corrected. You can attempt to delete these images by redeploying or you can delete them manually at https://console.cloud.google.com/gcr/images/fir-realtime-sheets/us/gcf 
[info] 
[info] ✔  Deploy complete! 
[info] 
[info] Project Console: https://console.firebase.google.com/project/fir-realtime-sheets/overview
